project_code,major_name,plan_end_time,project_tag,profession_tag,sum of danger_number,count of risk_level=1,count of risk_level=2,count of risk_level=3
HRZD-CZGY-01,消防专业,2020/10/29 0:00,有巢公寓北京亦庄文化园店,长租公寓,42,7,34,1
HRZD-CZGY-01,电梯专业,2020/10/29 0:00,有巢公寓北京亦庄文化园店,长租公寓,27,6,19,2
HRZD-CZGY-02,消防专业,2020/11/2 0:00,有巢公寓大连考拉住区店,长租公寓,16,2,14,0
HRZD-CZGY-02,电梯专业,2020/11/2 0:00,有巢公寓大连考拉住区店,长租公寓,23,4,17,2
HRZD-CZGY-03,消防专业,2020/11/4 0:00,有巢公馆上海三林店,长租公寓,26,7,16,3
HRZD-CZGY-03,电梯专业,2020/11/4 0:00,有巢公馆上海三林店,长租公寓,25,10,11,4
HRZD-CZGY-04,消防专业,2020/11/5 0:00,有巢公寓余姚五彩城店,长租公寓,23,5,17,1
HRZD-CZGY-04,电梯专业,2020/11/5 0:00,有巢公寓余姚五彩城店,长租公寓,28,5,22,1
HRZD-CZGY-05,消防专业,2020/11/6 0:00,宁波彩虹北路店,长租公寓,26,5,16,5
HRZD-CZGY-05,电梯专业,2020/11/6 0:00,宁波彩虹北路店,长租公寓,35,15,18,2
HRZD-CZGY-06,消防专业,2020/11/8 0:00,深圳留仙洞门店,长租公寓,45,10,26,9
HRZD-CZGY-06,电梯专业,2020/11/8 0:00,深圳留仙洞门店,长租公寓,28,9,14,5
HRZD-HD-SH-001-01,其他专业,2020/3/20 0:00,上海万象城,综合体,77,37,18,10
HRZD-HD-SH-001-01,消防专业,2020/3/20 0:00,上海万象城,综合体,10,4,3,3
HRZD-HD-SH-001-01,燃气专业,2020/3/20 0:00,上海万象城,综合体,11,3,6,1
SHSDGC-ZRH-2020-01,消防专业,2020/11/6 0:00,上海时代广场,综合体,426,54,309,63
SHSDGC-ZRH-2020-01,电梯专业,2020/11/6 0:00,上海时代广场,综合体,53,10,31,12
SHSDGC-ZRH-2020-01,电气专业,2020/11/6 0:00,上海时代广场,综合体,88,12,63,13
TEST009,其他专业,2020/4/27 0:00,光明安全检查项目,在建工程,11,10,1,0
TEST009,在建专业,2020/4/27 0:00,光明安全检查项目,在建工程,15,13,2,0
TEST009,消防专业,2020/4/27 0:00,光明安全检查项目,在建工程,1,0,1,0
WH(DL)-2004-L01-A01-001-001,其他专业,2020/4/17 0:00,鞍山万象汇,综合体,107,32,67,5
WH(DL)-2004-L01-A01-001-001,水务专业,2020/4/17 0:00,鞍山万象汇,综合体,1,1,0,0
WH(DL)-2004-L01-A01-001-001,消防专业,2020/4/17 0:00,鞍山万象汇,综合体,169,15,45,16
WH(DL)-2004-L01-A01-001-001,燃气专业,2020/4/17 0:00,鞍山万象汇,综合体,8,0,2,6
WH(DL)-2004-L01-A01-001-001,电梯专业,2020/4/17 0:00,鞍山万象汇,综合体,39,6,27,6
WH(DL)-2004-L01-A01-004-001,其他专业,2020/4/17 0:00,沈阳万象城,综合体,17,13,4,0
WH(DL)-2004-L01-A01-004-001,水务专业,2020/4/17 0:00,沈阳万象城,综合体,4,0,1,0
WH(DL)-2004-L01-A01-004-001,消防专业,2020/4/17 0:00,沈阳万象城,综合体,78,8,35,4
WH(DL)-2004-L01-A01-004-001,燃气专业,2020/4/17 0:00,沈阳万象城,综合体,5,1,4,0
WH(DL)-2004-L01-A01-004-001,电梯专业,2020/4/17 0:00,沈阳万象城,综合体,22,4,17,1
WH(DL)-2004-L01-B01-000-001,在建专业,2020/4/4 0:00,万科尚都会,在建工程,84,30,40,9
WH(DL)-2004-L01-B01-000-001,水务专业,2020/4/4 0:00,万科尚都会,在建工程,1,0,0,1
WH(DL)-2004-L01-B01-000-001,消防专业,2020/4/4 0:00,万科尚都会,在建工程,1,0,1,0
WH(DL)-2004-L01-B01-000-001,电气专业,2020/4/4 0:00,万科尚都会,在建工程,1,1,0,0
YHSW-2003-J-001-002,其他专业,2020/3/25 0:00,广州项目,水务,10,6,1,3
YHSW-2003-J-001-002,在建专业,2020/3/25 0:00,广州项目,水务,12,7,5,0
YHSW-2003-J-001-002,消防专业,2020/3/25 0:00,广州项目,水务,15,0,15,0
YHSW-2003-J-001-003,其他专业,2020/3/26 0:00,东莞项目,水务,40,39,0,0
YHSW-2003-J-001-003,在建专业,2020/3/26 0:00,东莞项目,水务,5,5,0,0
ZRH(ZB)-000-000-000,消防专业,2020/9/15 0:00,拈花湾景区,景区,130,17,99,14
ZRH(ZB)-000-000-000,电梯专业,2020/9/15 0:00,拈花湾景区,景区,28,8,14,6
ZRH(ZB)-000-000-000,电气专业,2020/9/15 0:00,拈花湾景区,景区,31,6,20,5
ZRH(ZB)-000-000-000-02,消防专业,2020/9/15 0:00,拈花湾景区,景区,71,15,46,10
ZRH(ZB)-000-000-000-02,电梯专业,2020/9/15 0:00,拈花湾景区,景区,28,4,15,9
ZRH(ZB)-000-000-000-02,电气专业,2020/9/15 0:00,拈花湾景区,景区,30,9,18,3
ZRH(ZB)-1805-L01-B01-000-05,其他专业,2020/4/18 0:00,昆山万象汇,综合体,1,0,1,0
ZRH(ZB)-1805-L01-B01-000-05,暖通专业,2020/4/18 0:00,昆山万象汇,综合体,1,0,1,0
ZRH(ZB)-1805-L01-B01-000-05,消防专业,2020/4/18 0:00,昆山万象汇,综合体,42,12,22,8
ZRH(ZB)-1805-L01-B01-000-05,电气专业,2020/4/18 0:00,昆山万象汇,综合体,1,1,0,0
ZRH(ZB)-1805-L01-B01-000-058,其他专业,2020/3/27 0:00,西安体育会展中心,会展,20,4,12,4
ZRH(ZB)-1805-L01-B01-000-058,消防专业,2020/3/27 0:00,西安体育会展中心,会展,21,2,11,4
ZRH(ZB)-1805-L01-B01-000-059,其他专业,2020/4/15 0:00,哈尔滨万象汇,综合体,1,0,1,0
ZRH(ZB)-1805-L01-B01-000-059,消防专业,2020/4/15 0:00,哈尔滨万象汇,综合体,27,5,15,7
ZRH(ZB)-1805-L01-B01-000-059,燃气专业,2020/4/15 0:00,哈尔滨万象汇,综合体,6,0,5,1
ZRH(ZB)-1805-L01-B01-000-059-03,燃气专业,2020/4/17 0:00,济南万象城,综合体,7,0,7,0
ZRH(ZB)-1805-L01-B01-000-059-04,在建专业,2020/4/17 0:00,合肥庐阳万象汇,综合体,2,1,1,0
ZRH(ZB)-1805-L01-B01-000-059-04,消防专业,2020/4/17 0:00,合肥庐阳万象汇,综合体,31,5,19,6
ZRH(ZB)-1903-L01-B01-000-018,其他专业,2020/5/5 0:00,长春配送中心(日日顺-绿园-大家电),仓储物流,32,0,32,0
ZRH(ZB)-1903-L01-B01-000-018,消防专业,2020/5/5 0:00,长春配送中心(日日顺-绿园-大家电),仓储物流,1,0,0,1
ZRH(ZB)-1903-L01-B01-000-018,电气专业,2020/5/5 0:00,长春配送中心(日日顺-绿园-大家电),仓储物流,15,0,14,0
ZRH(ZB)-1903-L01-B01-000-019,其他专业,2020/5/6 0:00,菜鸟大件长春安得仓,仓储物流,19,17,2,0
ZRH(ZB)-1903-L01-B01-000-020,其他专业,2020/5/8 0:00,沈阳配送中心(日日顺-沈北-大家电),仓储物流,19,8,8,1
ZRH(ZB)-1903-L01-B01-000-020,在建专业,2020/5/8 0:00,沈阳配送中心(日日顺-沈北-大家电),仓储物流,3,0,0,3
ZRH(ZB)-1903-L01-B01-000-020,消防专业,2020/5/8 0:00,沈阳配送中心(日日顺-沈北-大家电),仓储物流,7,1,6,0
ZRH(ZB)-1903-L01-B01-000-020,电梯专业,2020/5/8 0:00,沈阳配送中心(日日顺-沈北-大家电),仓储物流,2,1,0,1
ZRH(ZB)-1903-L01-B01-000-020,电气专业,2020/5/8 0:00,沈阳配送中心(日日顺-沈北-大家电),仓储物流,67,0,56,0
ZRH(ZB)-1903-L01-B01-000-021,其他专业,2020/5/9 0:00,菜鸟大件沈阳安得仓&菜鸟大件标品沈阳安得仓,仓储物流,8,8,0,0
ZRH(ZB)-1903-L01-B01-000-021,消防专业,2020/5/9 0:00,菜鸟大件沈阳安得仓&菜鸟大件标品沈阳安得仓,仓储物流,1,1,0,0
ZRH(ZB)-1903-L01-B01-000-021,电气专业,2020/5/9 0:00,菜鸟大件沈阳安得仓&菜鸟大件标品沈阳安得仓,仓储物流,86,0,69,4
ZRH(ZB)-1903-L01-B01-000-022,其他专业,2020/5/10 0:00,东北浑南心怡3号仓,仓储物流,4,0,4,0
ZRH(ZB)-1903-L01-B01-000-022,消防专业,2020/5/10 0:00,东北浑南心怡3号仓,仓储物流,2,0,2,0
ZRH(ZB)-1903-L01-B01-000-023,其他专业,2020/5/11 0:00,心怡沈阳商超仓,仓储物流,6,5,1,0
ZRH(ZB)-1903-L01-B01-000-023,电气专业,2020/5/11 0:00,心怡沈阳商超仓,仓储物流,49,30,18,1
ZRH(ZB)-1903-L01-B01-000-024,其他专业,2020/5/12 0:00,东北浑南北领2号&3号仓,仓储物流,19,14,0,5
ZRH(ZB)-1903-L01-B01-000-024,消防专业,2020/5/12 0:00,东北浑南北领2号&3号仓,仓储物流,6,0,5,1
ZRH(ZB)-1903-L01-B01-000-024,电气专业,2020/5/12 0:00,东北浑南北领2号&3号仓,仓储物流,14,0,14,0
ZRH(ZB)-1903-L01-B01-000-025,电气专业,2020/5/13 0:00,菜鸟大件沈阳苏宁仓,仓储物流,11,0,1,10
ZRH(ZB)-1903-L01-B01-000-026,其他专业,2020/5/14 0:00,东北浑南北领仓,仓储物流,2,2,0,0
ZRH(ZB)-1903-L01-B01-000-026,消防专业,2020/5/14 0:00,东北浑南北领仓,仓储物流,66,66,0,0
ZRH(ZB)-1903-L01-B01-000-027,其他专业,2020/5/16 0:00,大连配送中心(日日顺-甘井子-大家电),仓储物流,2,2,0,0
ZRH(ZB)-1903-L01-B01-000-027,电气专业,2020/5/16 0:00,大连配送中心(日日顺-甘井子-大家电),仓储物流,46,0,13,33
ZRH(ZB)-1903-L01-B01-000-028,其他专业,2020/5/7 0:00,菜鸟武汉金口仓储检查项目,仓储物流,3,2,1,0
ZRH(ZB)-1903-L01-B01-000-028,在建专业,2020/5/7 0:00,菜鸟武汉金口仓储检查项目,仓储物流,1,1,0,0
ZRH(ZB)-1903-L01-B01-000-028,消防专业,2020/5/7 0:00,菜鸟武汉金口仓储检查项目,仓储物流,47,13,28,6
ZRH(ZB)-1903-L01-B01-000-028,电气专业,2020/5/7 0:00,菜鸟武汉金口仓储检查项目,仓储物流,1,0,1,0
ZRH(ZB)-1903-L01-B01-000-029,在建专业,2020/5/11 0:00,心怡沈阳商超仓-整箱仓,仓储物流,5,5,0,0
ZRH(ZB)-1903-L01-B01-000-029,电气专业,2020/5/11 0:00,心怡沈阳商超仓-整箱仓,仓储物流,36,0,36,0
ZRH(ZB)-1903-L01-B01-000-030,其他专业,2020/5/15 0:00,沈阳浑南分拨中心项目,仓储物流,11,0,10,1
ZRH(ZB)-1903-L01-B01-000-030,消防专业,2020/5/15 0:00,沈阳浑南分拨中心项目,仓储物流,1,1,0,0
ZRH(ZB)-1903-L01-B01-000-030,电气专业,2020/5/15 0:00,沈阳浑南分拨中心项目,仓储物流,13,3,10,0
ZRH(ZB)-1903-L01-B01-000-0301,其他专业,2020/5/18 0:00,淮安分拨中心,仓储物流,7,2,5,0
ZRH(ZB)-1903-L01-B01-000-0301,消防专业,2020/5/18 0:00,淮安分拨中心,仓储物流,12,2,6,2
ZRH(ZB)-1903-L01-B01-000-032,其他专业,2020/5/19 0:00,零售通宿迁城市仓,仓储物流,7,2,5,0
ZRH(ZB)-1903-L01-B01-000-032,消防专业,2020/5/19 0:00,零售通宿迁城市仓,仓储物流,25,5,17,3
ZRH(ZB)-1903-L01-B01-000-033,其他专业,2020/5/21 0:00,零售通南京城市仓,仓储物流,2,2,0,0
ZRH(ZB)-1903-L01-B01-000-033,消防专业,2020/5/21 0:00,零售通南京城市仓,仓储物流,10,1,5,4
ZRH(ZB)-1903-L01-B01-000-034,电气专业,2020/5/18 0:00,呼和浩特分拨中心项目,仓储物流,41,0,25,16
ZRH(ZB)-1903-L01-B01-000-035,在建专业,2020/5/19 0:00,零售通华北区域仓项目,仓储物流,21,0,0,21
ZRH(ZB)-1903-L01-B01-000-035,消防专业,2020/5/19 0:00,零售通华北区域仓项目,仓储物流,2,0,2,0
ZRH(ZB)-1903-L01-B01-000-035,电气专业,2020/5/19 0:00,零售通华北区域仓项目,仓储物流,24,0,24,0
ZRH(ZB)-1903-L01-B01-000-036,其他专业,2020/5/20 0:00,石家庄分拨中心项目,仓储物流,29,1,15,13
ZRH(ZB)-1903-L01-B01-000-036,消防专业,2020/5/20 0:00,石家庄分拨中心项目,仓储物流,1,0,0,1
ZRH(ZB)-1903-L01-B01-000-036,电气专业,2020/5/20 0:00,石家庄分拨中心项目,仓储物流,11,0,0,11
ZRH(ZB)-1903-L01-B01-000-038,其他专业,2020/5/25 0:00,基森G8-松江出口加工区南乐路99号,仓储物流,3,2,1,0
ZRH(ZB)-1903-L01-B01-000-038,消防专业,2020/5/25 0:00,基森G8-松江出口加工区南乐路99号,仓储物流,5,0,5,0
ZRH(ZB)-1903-L01-B01-000-039,其他专业,2020/5/25 0:00,基森G1-松江出口加工区三庄路288号,仓储物流,3,3,0,0
ZRH(ZB)-1903-L01-B01-000-040,其他专业,2020/5/26 0:00,基森GS-松江出口加工区茸华路355号,仓储物流,5,1,4,0
ZRH(ZB)-1903-L01-B01-000-040,消防专业,2020/5/26 0:00,基森GS-松江出口加工区茸华路355号,仓储物流,1,0,1,0
ZRH(ZB)-1903-L01-B01-000-040,燃气专业,2020/5/26 0:00,基森GS-松江出口加工区茸华路355号,仓储物流,1,1,0,0
ZRH(ZB)-1903-L01-B01-000-041,其他专业,2020/5/26 0:00,基森G7-松江出口加工区茸华路268号,仓储物流,5,4,1,0
ZRH(ZB)-1903-L01-B01-000-041,消防专业,2020/5/26 0:00,基森G7-松江出口加工区茸华路268号,仓储物流,2,0,2,0
ZRH(ZB)-1903-L01-B01-000-042,其他专业,2020/5/26 0:00,基森G2-松江出口加工区茸江路120号,仓储物流,3,2,1,0
ZRH(ZB)-1903-L01-B01-000-042,消防专业,2020/5/26 0:00,基森G2-松江出口加工区茸江路120号,仓储物流,7,0,6,0
ZRH(ZB)-1903-L01-B01-000-043,其他专业,2020/5/27 0:00,捷利,仓储物流,17,8,9,0
ZRH(ZB)-1903-L01-B01-000-043,在建专业,2020/5/27 0:00,捷利,仓储物流,1,1,0,0
ZRH(ZB)-1903-L01-B01-000-043,消防专业,2020/5/27 0:00,捷利,仓储物流,10,1,9,0
ZRH(ZB)-1903-L01-B01-000-044,其他专业,2020/5/29 0:00,时丰,仓储物流,8,4,4,0
ZRH(ZB)-1903-L01-B01-000-044,水务专业,2020/5/29 0:00,时丰,仓储物流,4,4,0,0
ZRH(ZB)-1903-L01-B01-000-044,消防专业,2020/5/29 0:00,时丰,仓储物流,21,3,16,2
ZRH(ZB)-1903-L01-B01-000-044,燃气专业,2020/5/29 0:00,时丰,仓储物流,2,0,2,0
ZRH(ZB)-1903-L01-B01-000-045,其他专业,2020/5/30 0:00,北领,仓储物流,11,5,6,0
ZRH(ZB)-1903-L01-B01-000-045,水务专业,2020/5/30 0:00,北领,仓储物流,2,0,2,0
ZRH(ZB)-1903-L01-B01-000-045,消防专业,2020/5/30 0:00,北领,仓储物流,7,0,6,0
ZRH(ZB)-1903-L01-B01-000-046,其他专业,2020/5/23 0:00,富立高新仓项目,仓储物流,32,0,0,32
ZRH(ZB)-1903-L01-B01-000-046,消防专业,2020/5/23 0:00,富立高新仓项目,仓储物流,1,0,0,1
ZRH(ZB)-1903-L01-B01-000-046,电气专业,2020/5/23 0:00,富立高新仓项目,仓储物流,24,0,0,24
ZRH(ZB)-1903-L01-B01-000-048,其他专业,2020/5/26 0:00,宁波北仑保税仓SJC项目,仓储物流,11,1,0,10
ZRH(ZB)-1903-L01-B01-000-048,在建专业,2020/5/26 0:00,宁波北仑保税仓SJC项目,仓储物流,1,0,1,0
ZRH(ZB)-1903-L01-B01-000-048,消防专业,2020/5/26 0:00,宁波北仑保税仓SJC项目,仓储物流,1,0,0,1
ZRH(ZB)-1903-L01-B01-000-048,电气专业,2020/5/26 0:00,宁波北仑保税仓SJC项目,仓储物流,36,0,1,35
ZRH(ZB)-1903-L01-B01-000-049,其他专业,2020/5/26 0:00,宁波正正报税A仓项目,仓储物流,17,0,0,17
ZRH(ZB)-1903-L01-B01-000-049,消防专业,2020/5/26 0:00,宁波正正报税A仓项目,仓储物流,1,0,0,1
ZRH(ZB)-1903-L01-B01-000-050,其他专业,2020/5/27 0:00,富立坡道仓项目,仓储物流,5,0,5,0
ZRH(ZB)-1903-L01-B01-000-050,在建专业,2020/5/27 0:00,富立坡道仓项目,仓储物流,4,4,0,0
ZRH(ZB)-1903-L01-B01-000-050,消防专业,2020/5/27 0:00,富立坡道仓项目,仓储物流,28,0,28,0
ZRH(ZB)-1903-L01-B01-000-050,电气专业,2020/5/27 0:00,富立坡道仓项目,仓储物流,1,0,0,1
ZRH(ZB)-1903-L01-B01-000-051,消防专业,2020/5/27 0:00,华东宁波丫丫保税仓项目,仓储物流,34,0,34,0
ZRH(ZB)-1903-L01-B01-000-051,电气专业,2020/5/27 0:00,华东宁波丫丫保税仓项目,仓储物流,6,0,6,0
ZRH(ZB)-1903-L01-B01-000-052,其他专业,2020/5/29 0:00,百世宁波北仑保税仓（庐山仓）项目,仓储物流,6,0,0,6
ZRH(ZB)-1903-L01-B01-000-052,消防专业,2020/5/29 0:00,百世宁波北仑保税仓（庐山仓）项目,仓储物流,1,0,0,1
ZRH(ZB)-1903-L01-B01-000-052,电梯专业,2020/5/29 0:00,百世宁波北仑保税仓（庐山仓）项目,仓储物流,1,1,0,0
ZRH(ZB)-1903-L01-B01-000-052,电气专业,2020/5/29 0:00,百世宁波北仑保税仓（庐山仓）项目,仓储物流,4,1,2,1
ZRH(ZB)-1903-L01-B01-000-053,其他专业,2020/5/29 0:00,宁兴宁波北仑保税仓项目,仓储物流,28,0,1,27
ZRH(ZB)-1903-L01-B01-000-053,在建专业,2020/5/29 0:00,宁兴宁波北仑保税仓项目,仓储物流,1,1,0,0
ZRH(ZB)-1903-L01-B01-000-053,消防专业,2020/5/29 0:00,宁兴宁波北仑保税仓项目,仓储物流,1,0,0,1
ZRH(ZB)-1903-L01-B01-000-053,电气专业,2020/5/29 0:00,宁兴宁波北仑保税仓项目,仓储物流,15,4,9,2
ZRH(ZB)-1903-L01-B01-000-054,其他专业,2020/5/29 0:00,宁波嘉里仓项目,仓储物流,4,0,2,2
ZRH(ZB)-1903-L01-B01-000-054,消防专业,2020/5/29 0:00,宁波嘉里仓项目,仓储物流,1,0,0,1
ZRH(ZB)-1903-L01-B01-000-054,电气专业,2020/5/29 0:00,宁波嘉里仓项目,仓储物流,1,0,1,0
ZRH(ZB)-1903-L01-B01-000-055,其他专业,2020/5/29 0:00,富立易海仓,仓储物流,3,0,0,3
ZRH(ZB)-1903-L01-B01-000-055,消防专业,2020/5/29 0:00,富立易海仓,仓储物流,1,0,0,1
ZRH(ZB)-1903-L01-B01-000-055,电气专业,2020/5/29 0:00,富立易海仓,仓储物流,4,0,3,0
ZRH(ZB)-1903-L01-B01-000-056,其他专业,2020/6/7 0:00,慈溪北领跨境仓,仓储物流,108,36,45,12
ZRH(ZB)-1903-L01-B01-000-056,消防专业,2020/6/7 0:00,慈溪北领跨境仓,仓储物流,7,0,5,2
ZRH(ZB)-1903-L01-B01-000-056,电梯专业,2020/6/7 0:00,慈溪北领跨境仓,仓储物流,1,1,0,0
ZRH(ZB)-1903-L01-B01-000-056,电气专业,2020/6/7 0:00,慈溪北领跨境仓,仓储物流,17,0,9,6
ZRH(ZB)-1903-L01-B01-000-057,其他专业,2020/6/5 0:00,浙江金华物流园,仓储物流,56,6,1,49
ZRH(ZB)-1903-L01-B01-000-057,消防专业,2020/6/5 0:00,浙江金华物流园,仓储物流,26,3,19,4
ZRH(ZB)-1903-L01-B01-000-058,其他专业,2020/6/8 0:00,无锡空港物流园,仓储物流,98,17,0,80
ZRH(ZB)-1903-L01-B01-000-058,消防专业,2020/6/8 0:00,无锡空港物流园,仓储物流,3,0,0,3
ZRH(ZB)-1903-L01-B01-000-059,其他专业,2020/6/12 0:00,天津武清物流园,仓储物流,151,0,44,91
ZRH(ZB)-1903-L01-B01-000-059,在建专业,2020/6/12 0:00,天津武清物流园,仓储物流,2,2,0,0
ZRH(ZB)-1903-L01-B01-000-059,消防专业,2020/6/12 0:00,天津武清物流园,仓储物流,2,0,0,2
ZRH(ZB)-1903-L01-B01-000-060,电气专业,2020/6/15 0:00,沈阳浑南物流园,仓储物流,72,0,0,70
ZRH(ZB)-1903-L01-B01-000-065,消防专业,2020/8/25 0:00,上海嘉定物流园,仓储物流,33,0,33,0
ZRH(ZB)-1903-L01-B01-000-066,消防专业,2020/8/26 0:00,福建漳州物流园,仓储物流,33,3,16,14
ZRH(ZB)-1903-L01-B01-000-066,燃气专业,2020/8/26 0:00,福建漳州物流园,仓储物流,24,5,18,1
ZRH(ZB)-1903-L01-B01-000-066,电气专业,2020/8/26 0:00,福建漳州物流园,仓储物流,31,5,11,15
ZRH(ZB)-1903-L01-B01-000-067,消防专业,2020/8/28 0:00,泉州晋江物流园,仓储物流,32,1,29,2
ZRH(ZB)-1903-L01-B01-000-067,燃气专业,2020/8/28 0:00,泉州晋江物流园,仓储物流,16,2,13,1
ZRH(ZB)-1903-L01-B01-000-067,电气专业,2020/8/28 0:00,泉州晋江物流园,仓储物流,13,0,13,0
ZRH(ZB)-1903-L01-B01-000-068,消防专业,2020/8/28 0:00,浙江嘉兴物流园,仓储物流,88,0,88,0
ZRH(ZB)-1903-L01-B01-000-070,消防专业,2020/9/1 0:00,成都新都物流园,仓储物流,50,0,50,0
ZRH(ZB)-1903-L01-B01-000-071,消防专业,2020/9/3 0:00,成都双流物流园,仓储物流,51,0,51,0
ZRH(ZB)-1903-L01-B01-000-085,消防专业,2020/9/21 0:00,华东锡山邮政仓,仓储物流,19,10,8,1
ZRH(ZB)-1903-L01-B01-000-085,电气专业,2020/9/21 0:00,华东锡山邮政仓,仓储物流,2,2,0,0
ZRH(ZB)-1903-L01-B01-000-086,消防专业,2020/9/23 0:00,华东虎丘心怡仓,仓储物流,10,4,6,0
ZRH(ZB)-1903-L01-B01-000-086,电气专业,2020/9/23 0:00,华东虎丘心怡仓,仓储物流,3,2,1,0
ZRH(ZB)-1903-L01-B01-000-088,消防专业,2020/9/29 0:00,华东奉贤北领仓,仓储物流,36,11,22,3
ZRH(ZB)-1903-L01-B01-000-090,消防专业,2020/9/24 0:00,华东新吴心怡仓,仓储物流,11,8,3,0
ZRH(ZB)-1903-L01-B01-000-105,消防专业,2020/9/22 0:00,上海基森仓GS、G1,仓储物流,8,2,6,0
ZRH(ZB)-1903-L01-B01-000-105,电气专业,2020/9/22 0:00,上海基森仓GS、G1,仓储物流,3,0,2,1
ZRH(ZB)-1903-L01-B01-000-106,消防专业,2020/9/23 0:00,上海基森仓G8,仓储物流,7,4,3,0
ZRH(ZB)-1903-L01-B01-000-106,电气专业,2020/9/23 0:00,上海基森仓G8,仓储物流,5,2,2,1
ZRH(ZB)-1903-L01-B01-000-110,消防专业,2020/9/24 0:00,上海捷利货运仓,仓储物流,13,3,8,2
ZRH(ZB)-1903-L01-B01-000-110,电气专业,2020/9/24 0:00,上海捷利货运仓,仓储物流,5,0,4,1
ZRH(ZB)-1903-L01-B01-000-117,消防专业,2020/9/29 0:00,淮安配送中心(日日顺-清河-大家电),仓储物流,23,10,13,0
ZRH(ZB)-1903-L01-B01-000-124,消防专业,2020/9/25 0:00,菜鸟大件宿迁安得仓,仓储物流,7,4,3,0
ZRH(ZB)-1903-L01-B01-000-128,消防专业,2020/9/26 0:00,零售通宿迁城市仓,仓储物流,24,11,13,0
ZRH(ZB)-1903-L01-B01-000-129,消防专业,2020/9/22 0:00,零售通无锡城市仓,仓储物流,19,15,4,0
ZRH(ZB)-1903-L01-B01-000-131,消防专业,2020/9/28 0:00,淮安分拨中心,仓储物流,19,8,11,0
ZRH(ZB)-1903-L01-B01-000-143,消防专业,2020/9/22 0:00,上海基森仓G2,仓储物流,5,1,3,1
ZRH(ZB)-1903-L01-B01-000-143,电气专业,2020/9/22 0:00,上海基森仓G2,仓储物流,1,1,0,0
ZRH(ZB)-1903-L01-B01-000-151,消防专业,2020/10/12 0:00,心怡济南商超仓,仓储物流,19,4,14,1
ZRH(ZB)-1903-L01-B01-000-151,电气专业,2020/10/12 0:00,心怡济南商超仓,仓储物流,2,0,2,0
ZRH(ZB)-1903-L01-B01-000-152,消防专业,2020/10/14 0:00,百世物流北京顺义仓,仓储物流,9,4,5,0
ZRH(ZB)-1903-L01-B01-000-152,电气专业,2020/10/14 0:00,百世物流北京顺义仓,仓储物流,5,0,4,1
ZRH(ZB)-1903-L01-B01-000-153,消防专业,2020/10/17 0:00,心怡天津商超仓,仓储物流,26,6,18,2
ZRH(ZB)-1903-L01-B01-000-154,消防专业,2020/11/17 0:00,浙江绍兴市上虞区物流园,仓储物流,26,2,24,0
ZRH(ZB)-1903-L01-B01-000-154,电气专业,2020/11/17 0:00,浙江绍兴市上虞区物流园,仓储物流,6,0,6,0
ZRH(ZB)-1903-L01-B01-000-155,消防专业,2020/11/18 0:00,无锡空港物流园,仓储物流,32,0,32,0
ZRH(ZB)-1903-L01-B01-000-156,消防专业,2020/11/19 0:00,武汉黄陂物流园,仓储物流,29,0,29,0
ZRH(ZB)-1903-L01-B01-000-157,消防专业,2020/11/20 0:00,武汉江夏物流园,仓储物流,23,0,23,0
ZRH(ZB)-1903-L01-B01-000-158,消防专业,2020/11/21 0:00,郑州空港物流园,仓储物流,49,0,49,0
ZRH(ZB)-1903-L01-B01-000-158,电气专业,2020/11/21 0:00,郑州空港物流园,仓储物流,1,0,1,0
ZRH(ZB)-1903-L01-B01-000-160,消防专业,2020/11/23 0:00,西安沣东物流园,仓储物流,39,1,38,0
ZRH(ZB)-1903-L01-B01-000-161,消防专业,2020/11/25 0:00,沈阳浑南物流园,仓储物流,50,0,50,0
ZRH(ZB)-1903-L01-B01-000-164,消防专业,2020/11/30 0:00,广州增城物流园,仓储物流,58,0,58,0
ZRH(ZB)-1903-L01-B01-000-165,消防专业,2020/11/21 0:00,郑州保税物流园,仓储物流,48,0,47,1
ZRH(ZB)-1903-L01-B01-000-165,电气专业,2020/11/21 0:00,郑州保税物流园,仓储物流,1,0,1,0
ZRH(ZB)-1904-L01-A01-000-005,其他专业,2020/5/13 0:00,西咸万象汇,综合体,45,22,20,0
ZRH(ZB)-1904-L01-A01-000-005,在建专业,2020/5/13 0:00,西咸万象汇,综合体,1,1,0,0
ZRH(ZB)-1904-L01-A01-000-005,暖通专业,2020/5/13 0:00,西咸万象汇,综合体,2,0,2,0
ZRH(ZB)-1904-L01-A01-000-005,燃气专业,2020/5/13 0:00,西咸万象汇,综合体,11,1,10,0
ZRH(ZB)-1904-L01-A01-000-005,电梯专业,2020/5/13 0:00,西咸万象汇,综合体,32,9,16,7
ZRH(ZB)-1904-L01-A01-000-006,其他专业,2020/5/19 0:00,重庆万象城,综合体,54,21,28,1
ZRH(ZB)-1904-L01-A01-000-006,水务专业,2020/5/19 0:00,重庆万象城,综合体,1,0,0,1
ZRH(ZB)-1904-L01-A01-000-006,燃气专业,2020/5/19 0:00,重庆万象城,综合体,9,1,8,0
ZRH(ZB)-1904-L01-A01-000-006,电梯专业,2020/5/19 0:00,重庆万象城,综合体,14,5,9,0
ZRH(ZB)-1904-L01-A01-000-007,其他专业,2020/5/22 0:00,弹子石万象汇,综合体,37,17,12,5
ZRH(ZB)-1904-L01-A01-000-007,燃气专业,2020/5/22 0:00,弹子石万象汇,综合体,13,6,7,0
ZRH(ZB)-1904-L01-A01-000-007,电梯专业,2020/5/22 0:00,弹子石万象汇,综合体,20,6,11,3
ZRH(ZB)-1904-L01-A01-000-008,其他专业,2020/5/27 0:00,泸州万象汇,综合体,41,19,16,6
ZRH(ZB)-1904-L01-A01-000-008,在建专业,2020/5/27 0:00,泸州万象汇,综合体,1,0,1,0
ZRH(ZB)-1904-L01-A01-000-008,消防专业,2020/5/27 0:00,泸州万象汇,综合体,1,0,1,0
ZRH(ZB)-1904-L01-A01-000-008,燃气专业,2020/5/27 0:00,泸州万象汇,综合体,12,5,6,1
ZRH(ZB)-1904-L01-A01-000-008,电梯专业,2020/5/27 0:00,泸州万象汇,综合体,49,14,30,5
ZRH(ZB)-1904-L01-A01-000-009,其他专业,2020/6/1 0:00,成都万象城,综合体,36,10,22,4
ZRH(ZB)-1904-L01-A01-000-009,水务专业,2020/6/1 0:00,成都万象城,综合体,1,0,1,0
ZRH(ZB)-1904-L01-A01-000-009,燃气专业,2020/6/1 0:00,成都万象城,综合体,14,2,10,2
ZRH(ZB)-1904-L01-A01-000-009,电梯专业,2020/6/1 0:00,成都万象城,综合体,60,18,32,9
ZRH(ZB)-1904-L01-A01-000-009,电气专业,2020/6/1 0:00,成都万象城,综合体,19,6,10,3
ZRH(ZB)-1906-L01-B01-000-005-01,其他专业,2020/3/27 0:00,机场集团公共区域管理部,机场,8,5,2,1
ZRH(ZB)-1906-L01-B01-000-005-01,在建专业,2020/3/27 0:00,机场集团公共区域管理部,机场,7,5,2,0
ZRH(ZB)-1906-L01-B01-000-005-01,水务专业,2020/3/27 0:00,机场集团公共区域管理部,机场,1,0,1,0
ZRH(ZB)-1906-L01-B01-000-005-02,其他专业,2020/3/30 0:00,地面交通运营中心,机场,44,16,17,7
ZRH(ZB)-1906-L01-B01-000-005-02,在建专业,2020/3/30 0:00,地面交通运营中心,机场,3,2,0,1
ZRH(ZB)-1906-L01-B01-000-005-02,水务专业,2020/3/30 0:00,地面交通运营中心,机场,1,0,1,0
ZRH(ZB)-1906-L01-B01-000-005-02,消防专业,2020/3/30 0:00,地面交通运营中心,机场,25,7,15,3
ZRH(ZB)-1906-L01-B01-000-005-02,燃气专业,2020/3/30 0:00,地面交通运营中心,机场,1,1,0,0
ZRH(ZB)-1906-L01-B01-000-005-02,电梯专业,2020/3/30 0:00,地面交通运营中心,机场,1,1,0,0
ZRH(ZB)-1906-L01-B01-000-005-03,其他专业,2020/4/1 0:00,扩建工程指挥部项目,机场,29,12,16,1
ZRH(ZB)-1906-L01-B01-000-005-03,在建专业,2020/4/1 0:00,扩建工程指挥部项目,机场,72,32,35,5
ZRH(ZB)-1906-L01-B01-000-005-03,水务专业,2020/4/1 0:00,扩建工程指挥部项目,机场,19,10,9,0
ZRH(ZB)-1906-L01-B01-000-005-05,其他专业,2020/3/31 0:00,商务公司,机场,21,6,11,1
ZRH(ZB)-1906-L01-B01-000-005-05,水务专业,2020/3/31 0:00,商务公司,机场,2,1,1,0
ZRH(ZB)-1906-L01-B01-000-005-05,消防专业,2020/3/31 0:00,商务公司,机场,16,1,11,4
ZRH(ZB)-1906-L01-B01-000-005-05,电梯专业,2020/3/31 0:00,商务公司,机场,1,1,0,0
ZRH(ZB)-1906-L01-B01-000-005-06,其他专业,2020/4/1 0:00,港务公司,机场,24,8,7,4
ZRH(ZB)-1906-L01-B01-000-005-06,在建专业,2020/4/1 0:00,港务公司,机场,3,2,1,0
ZRH(ZB)-1906-L01-B01-000-005-06,水务专业,2020/4/1 0:00,港务公司,机场,4,1,3,0
ZRH(ZB)-1906-L01-B01-000-005-06,消防专业,2020/4/1 0:00,港务公司,机场,16,2,12,2
ZRH(ZB)-1906-L01-B01-000-005-06,燃气专业,2020/4/1 0:00,港务公司,机场,2,1,0,0
ZRH(ZB)-1906-L01-B01-000-005-06,电梯专业,2020/4/1 0:00,港务公司,机场,2,1,1,0
ZRH(ZB)-1906-L01-B01-000-005-07,其他专业,2020/4/3 0:00,航空物流事业部,机场,86,18,17,7
ZRH(ZB)-1906-L01-B01-000-005-07,在建专业,2020/4/3 0:00,航空物流事业部,机场,3,2,1,0
ZRH(ZB)-1906-L01-B01-000-005-07,水务专业,2020/4/3 0:00,航空物流事业部,机场,2,1,1,0
ZRH(ZB)-1906-L01-B01-000-005-07,消防专业,2020/4/3 0:00,航空物流事业部,机场,26,5,16,4
ZRH(ZB)-1906-L01-B01-000-005-07,电梯专业,2020/4/3 0:00,航空物流事业部,机场,4,1,1,0
ZRH(ZB)-1906-L01-B01-000-005-08,其他专业,2020/4/8 0:00,航空城发展公司,机场,46,10,15,2
ZRH(ZB)-1906-L01-B01-000-005-08,在建专业,2020/4/8 0:00,航空城发展公司,机场,2,1,1,0
ZRH(ZB)-1906-L01-B01-000-005-08,水务专业,2020/4/8 0:00,航空城发展公司,机场,1,0,1,0
ZRH(ZB)-1906-L01-B01-000-005-08,消防专业,2020/4/8 0:00,航空城发展公司,机场,28,8,17,3
ZRH(ZB)-1906-L01-B01-000-005-08,燃气专业,2020/4/8 0:00,航空城发展公司,机场,1,1,0,0
ZRH(ZB)-1906-L01-B01-000-005-09,其他专业,2020/4/9 0:00,动力分公司,机场,16,3,7,3
ZRH(ZB)-1906-L01-B01-000-005-09,水务专业,2020/4/9 0:00,动力分公司,机场,1,1,0,0
ZRH(ZB)-1906-L01-B01-000-005-09,消防专业,2020/4/9 0:00,动力分公司,机场,2,1,0,1
ZRH(ZB)-1906-L01-B01-000-005-09,电梯专业,2020/4/9 0:00,动力分公司,机场,1,1,0,0
ZRH(ZB)-1906-L01-B01-000-005-11,其他专业,2020/4/14 0:00,物业公司,机场,18,7,10,1
ZRH(ZB)-1906-L01-B01-000-005-11,在建专业,2020/4/14 0:00,物业公司,机场,1,0,1,0
ZRH(ZB)-1906-L01-B01-000-005-11,水务专业,2020/4/14 0:00,物业公司,机场,1,1,0,0
ZRH(ZB)-1906-L01-B01-000-005-11,消防专业,2020/4/14 0:00,物业公司,机场,36,5,21,10
ZRH(ZB)-1908-L01-B01-000-003-01,水务专业,2020/3/30 0:00,韩江水电项目,水务,32,5,25,2
ZRH(ZB)-1908-L01-B01-000-003-02,水务专业,2020/3/31 0:00,饶平水司引韩济饶工程项目,水务,57,8,46,3
ZRH(ZB)-1908-L01-B01-000-003-03,其他专业,2020/4/1 0:00,汕头水司新溪外砂管道建设工程,水务,31,10,19,2
ZRH(ZB)-1908-L01-B01-000-003-03,在建专业,2020/4/1 0:00,汕头水司新溪外砂管道建设工程,水务,5,3,2,0
ZRH(ZB)-1908-L01-B01-000-003-03,水务专业,2020/4/1 0:00,汕头水司新溪外砂管道建设工程,水务,6,5,1,0
ZRH(ZB)-1908-L01-B01-000-003-04,水务专业,2020/4/2 0:00,练江潮南污水厂及管网项目,水务,42,17,24,1
ZRH(ZB)-1908-L01-B01-000-003-05,水务专业,2020/3/30 0:00,梅州一污提标扩建项目,水务,11,8,3,0
ZRH(ZB)-1908-L01-B01-000-003-06,在建专业,2020/3/30 0:00,梅州二污提标扩建项目,水务,3,3,0,0
ZRH(ZB)-1908-L01-B01-000-003-06,水务专业,2020/3/30 0:00,梅州二污提标扩建项目,水务,24,13,9,2
ZRH(ZB)-1908-L01-B01-000-003-07,水务专业,2020/3/31 0:00,梅州周溪河污水厂,水务,24,11,10,3
ZRH(ZB)-1908-L01-B01-000-003-08,在建专业,2020/3/31 0:00,梅州黄塘河污水厂项目,水务,1,1,0,0
ZRH(ZB)-1908-L01-B01-000-003-08,水务专业,2020/3/31 0:00,梅州黄塘河污水厂项目,水务,96,15,39,12
ZRH(ZB)-1908-L01-B01-000-003-10,水务专业,2020/4/2 0:00,丰顺新区供水工程项目,水务,24,14,9,1
ZRH(ZB)-1908-L01-B01-000-003-10,电梯专业,2020/4/2 0:00,丰顺新区供水工程项目,水务,1,0,1,0
ZRH(ZB)-1908-L01-B01-000-003-11,水务专业,2020/4/2 0:00,五华县城三期工程项目,水务,26,9,17,0
ZRH(ZB)-1908-L01-B01-000-003-11,电梯专业,2020/4/2 0:00,五华县城三期工程项目,水务,1,0,1,0
ZRH(ZB)-1908-L01-B01-000-003-13,水务专业,2020/4/9 0:00,乐昌峡水电项目,水务,43,10,32,1
ZRH(ZB)-1908-L01-B01-000-003-14,水务专业,2020/4/10 0:00,飞来峡水电项目,水务,26,7,19,0
ZRH(ZB)-1908-L01-B01-000-003-15,在建专业,2020/3/30 0:00,韶关仁化污水厂及管网项目,水务,31,5,25,1
ZRH(ZB)-1908-L01-B01-000-003-15,水务专业,2020/3/30 0:00,韶关仁化污水厂及管网项目,水务,29,29,0,0
ZRH(ZB)-1908-L01-B01-000-003-16,在建专业,2020/3/31 0:00,阳山村镇污水项目,水务,14,0,14,0
ZRH(ZB)-1908-L01-B01-000-003-16,水务专业,2020/3/31 0:00,阳山村镇污水项目,水务,23,10,13,0
ZRH(ZB)-1908-L01-B01-000-003-17,其他专业,2020/4/1 0:00,云浮水司水厂建设项目,水务,3,0,3,0
ZRH(ZB)-1908-L01-B01-000-003-17,在建专业,2020/4/1 0:00,云浮水司水厂建设项目,水务,3,0,3,0
ZRH(ZB)-1908-L01-B01-000-003-17,水务专业,2020/4/1 0:00,云浮水司水厂建设项目,水务,62,16,40,6
ZRH(ZB)-1908-L01-B01-000-003-19,其他专业,2020/3/31 0:00,高州二水厂项目,水务,2,0,2,0
ZRH(ZB)-1908-L01-B01-000-003-19,在建专业,2020/3/31 0:00,高州二水厂项目,水务,2,2,0,0
ZRH(ZB)-1908-L01-B01-000-003-19,水务专业,2020/3/31 0:00,高州二水厂项目,水务,15,2,12,0
ZRH(ZB)-1908-L01-B01-000-003-19,消防专业,2020/3/31 0:00,高州二水厂项目,水务,3,0,3,0
ZRH(ZB)-1908-L01-B01-000-003-20,水务专业,2020/4/1 0:00,遂溪岭北水厂项目,水务,13,1,12,0
ZRH(ZB)-1908-L01-B01-000-003-21,其他专业,2020/4/2 0:00,阳江管网工程项目,水务,2,0,1,1
ZRH(ZB)-1908-L01-B01-000-003-21,在建专业,2020/4/2 0:00,阳江管网工程项目,水务,5,1,3,1
ZRH(ZB)-1908-L01-B01-000-003-21,水务专业,2020/4/2 0:00,阳江管网工程项目,水务,23,4,17,2
ZRH(ZB)-1908-L01-B01-000-003-22,在建专业,2020/4/3 0:00,吴川污水厂及管网项目,水务,28,9,16,2
ZRH(ZB)-1908-L01-B01-000-003-22,水务专业,2020/4/3 0:00,吴川污水厂及管网项目,水务,6,1,5,0
ZRH(ZB)-1908-L01-B01-000-003-23,其他专业,2020/4/8 0:00,汕尾环保项目,水务,1,0,1,0
ZRH(ZB)-1908-L01-B01-000-003-23,水务专业,2020/4/8 0:00,汕尾环保项目,水务,20,19,1,0
ZRH(ZB)-1908-L01-B01-000-003-27,水务专业,2020/4/2 0:00,高邮水司一水厂迁建项目,水务,22,22,0,0
ZRH(ZB)-1908-L01-B01-000-003-28,水务专业,2020/4/3 0:00,盐城项目,水务,28,28,0,0
ZRH(ZB)-1908-L01-B01-000-003-29,水务专业,2020/4/7 0:00,兴化长江引水工程,水务,18,17,0,0
ZRH(ZB)-1908-L01-B01-000-003-30,水务专业,2020/4/8 0:00,徐州水务项目,水务,19,14,5,0
ZRH(ZB)-1908-L01-B01-000-003-31,水务专业,2020/4/9 0:00,邳州水司引水工程项目,水务,36,28,8,0
ZRH(ZB)-1908-L01-B01-000-003-32,水务专业,2020/3/30 0:00,盱眙项目,水务,19,19,0,0
ZRH(ZB)-1908-L01-B01-000-003-33,水务专业,2020/4/7 0:00,梧州三龙水厂取水口搬迁项目,水务,8,2,6,0
ZRH(ZB)-1908-L01-B01-000-003-34,其他专业,2020/4/8 0:00,梧州项目,水务,2,1,1,0
ZRH(ZB)-1908-L01-B01-000-003-34,水务专业,2020/4/8 0:00,梧州项目,水务,14,12,1,0
ZRH(ZB)-1908-L01-B01-000-003-36,水务专业,2020/4/10 0:00,儋滨水司滨海新区供水二期,水务,23,0,21,2
ZRH(ZB)-1908-L01-B01-000-003-37,水务专业,2020/4/8 0:00,开平项目,水务,33,32,0,1
ZRH(ZB)-1908-L01-B01-000-003-39,其他专业,2020/5/31 0:00,兴化项目,水务,23,21,2,0
ZRH(ZB)-1908-L01-B01-000-003-39,在建专业,2020/5/31 0:00,兴化项目,水务,14,14,0,0
ZRH(ZB)-1908-L01-B01-000-003-39,水务专业,2020/5/31 0:00,兴化项目,水务,4,4,0,0
ZRH(ZB)-1908-L01-B01-000-003-40,在建专业,2020/6/9 0:00,来安项目,水务,44,34,10,0
ZRH(ZB)-1908-L01-B01-000-003-40,水务专业,2020/6/9 0:00,来安项目,水务,25,22,3,0
ZRH(ZB)-1908-L01-B01-000-003-41,在建专业,2020/6/11 0:00,盱眙项目,水务,8,8,0,0
ZRH(ZB)-1908-L01-B01-000-003-41,水务专业,2020/6/11 0:00,盱眙项目,水务,39,39,0,0
ZRH(ZB)-1908-L01-B01-000-003-42,水务专业,2020/6/12 0:00,仪征项目,水务,19,19,0,0
ZRH(ZB)-1908-L01-B01-000-003-43,水务专业,2020/6/17 0:00,丰城第一水厂,NONE,46,46,0,0
ZRH(ZB)-1908-L01-B01-000-003-44,水务专业,2020/6/18 0:00,丰城二水厂,水务,71,59,12,0
ZRH(ZB)-2001-L01-B02-000-001,其他专业,2020/5/15 0:00,广州唯品会琶洲总部大厦,写字楼,6,0,4,2
ZRH(ZB)-2001-L01-B02-000-001,消防专业,2020/5/15 0:00,广州唯品会琶洲总部大厦,写字楼,1286,5,48,10
ZRH(ZB)-2001-L01-B02-000-002,暖通专业,2020/8/9 0:00,广州唯品会琶洲总部大厦,写字楼,84,14,56,14
ZRH(ZB)-2001-L01-B02-000-002,消防专业,2020/8/9 0:00,广州唯品会琶洲总部大厦,写字楼,123,26,70,27
ZRH(ZB)-2001-L01-B02-000-003,电气专业,2020/9/14 0:00,广州唯品会,写字楼,46,10,27,9
ZRH(ZB)-2002-L01-A01-001-001,其他专业,2020/6/19 0:00,天津万象城,综合体,38,4,19,0
ZRH(ZB)-2002-L01-A01-001-001,消防专业,2020/6/19 0:00,天津万象城,综合体,148,10,63,10
ZRH(ZB)-2002-L01-A01-001-001,燃气专业,2020/6/19 0:00,天津万象城,综合体,22,9,11,2
ZRH(ZB)-2002-L01-A01-001-001,电梯专业,2020/6/19 0:00,天津万象城,综合体,33,7,23,3
ZRH(ZB)-2002-L01-A01-001-001,电气专业,2020/6/19 0:00,天津万象城,综合体,29,6,16,4
ZRH(ZB)-2002-L01-A01-002-001,其他专业,2020/5/29 0:00,太原万象城,综合体,42,14,12,1
ZRH(ZB)-2002-L01-A01-002-001,消防专业,2020/5/29 0:00,太原万象城,综合体,603,11,110,35
ZRH(ZB)-2002-L01-A01-002-001,电梯专业,2020/5/29 0:00,太原万象城,综合体,49,7,17,0
ZRH(ZB)-2002-L01-A01-003-001,其他专业,2020/5/9 0:00,临沂万象汇,综合体,94,15,47,6
ZRH(ZB)-2002-L01-A01-003-001,在建专业,2020/5/9 0:00,临沂万象汇,综合体,5,2,1,0
ZRH(ZB)-2002-L01-A01-003-001,暖通专业,2020/5/9 0:00,临沂万象汇,综合体,1,0,1,0
ZRH(ZB)-2002-L01-A01-003-001,水务专业,2020/5/9 0:00,临沂万象汇,综合体,1,0,1,0
ZRH(ZB)-2002-L01-A01-003-001,消防专业,2020/5/9 0:00,临沂万象汇,综合体,422,20,95,33
ZRH(ZB)-2002-L01-A01-003-001,燃气专业,2020/5/9 0:00,临沂万象汇,综合体,28,6,21,1
ZRH(ZB)-2002-L01-A01-003-001,电梯专业,2020/5/9 0:00,临沂万象汇,综合体,23,7,16,0
ZRH(ZB)-2002-L01-A01-003-001,电气专业,2020/5/9 0:00,临沂万象汇,综合体,71,8,49,10
ZRH(ZB)-2002-L01-A01-004-001,消防专业,2020/7/31 0:00,北京优士阁C座,写字楼,27,17,8,2
ZRH(ZB)-2002-L01-A01-004-001,电气专业,2020/7/31 0:00,北京优士阁C座,写字楼,15,2,12,1
ZRH(ZB)-2002-L01-A01-005-001,其他专业,2020/5/14 0:00,日照万象汇,综合体,36,7,12,0
ZRH(ZB)-2002-L01-A01-005-001,在建专业,2020/5/14 0:00,日照万象汇,综合体,2,1,0,0
ZRH(ZB)-2002-L01-A01-005-001,消防专业,2020/5/14 0:00,日照万象汇,综合体,90,8,53,9
ZRH(ZB)-2002-L01-A01-005-001,燃气专业,2020/5/14 0:00,日照万象汇,综合体,14,5,8,1
ZRH(ZB)-2002-L01-A01-005-001,电梯专业,2020/5/14 0:00,日照万象汇,综合体,21,5,15,1
ZRH(ZB)-2002-L01-A01-005-001,电气专业,2020/5/14 0:00,日照万象汇,综合体,32,4,21,5
ZRH(ZB)-2002-L01-A01-006-001,其他专业,2020/6/4 0:00,北京密云万象汇,综合体,84,4,13,2
ZRH(ZB)-2002-L01-A01-006-001,水务专业,2020/6/4 0:00,北京密云万象汇,综合体,1,0,1,0
ZRH(ZB)-2002-L01-A01-006-001,消防专业,2020/6/4 0:00,北京密云万象汇,综合体,93,8,39,5
ZRH(ZB)-2002-L01-A01-006-001,燃气专业,2020/6/4 0:00,北京密云万象汇,综合体,15,1,13,1
ZRH(ZB)-2002-L01-A01-006-001,电梯专业,2020/6/4 0:00,北京密云万象汇,综合体,27,8,15,4
ZRH(ZB)-2002-L01-A01-006-001,电气专业,2020/6/4 0:00,北京密云万象汇,综合体,26,5,20,1
ZRH(ZB)-2002-L01-A01-007-001,其他专业,2020/6/5 0:00,石家庄万象城,综合体,13,3,8,0
ZRH(ZB)-2002-L01-A01-007-001,消防专业,2020/6/5 0:00,石家庄万象城,综合体,206,10,70,24
ZRH(ZB)-2002-L01-A01-007-001,电梯专业,2020/6/5 0:00,石家庄万象城,综合体,66,8,19,3
ZRH(ZB)-2002-L01-A01-008-001,消防专业,2020/7/30 0:00,北京置地星座,写字楼,28,14,13,1
ZRH(ZB)-2002-L01-A01-008-001,电气专业,2020/7/30 0:00,北京置地星座,写字楼,18,4,9,5
ZRH(ZB)-2002-L01-A01-009-001,其他专业,2020/6/12 0:00,北京五彩城,综合体,85,3,3,2
ZRH(ZB)-2002-L01-A01-009-001,水务专业,2020/6/12 0:00,北京五彩城,综合体,5,0,2,1
ZRH(ZB)-2002-L01-A01-009-001,消防专业,2020/6/12 0:00,北京五彩城,综合体,88,13,50,2
ZRH(ZB)-2002-L01-A01-009-001,燃气专业,2020/6/12 0:00,北京五彩城,综合体,25,5,18,2
ZRH(ZB)-2002-L01-A01-009-001,电梯专业,2020/6/12 0:00,北京五彩城,综合体,21,8,13,0
ZRH(ZB)-2002-L01-A01-009-001,电气专业,2020/6/12 0:00,北京五彩城,综合体,23,3,18,2
ZRH(ZB)-2002-L01-A01-010,其他专业,2020/5/28 0:00,郑州万象城,综合体,54,6,15,5
ZRH(ZB)-2002-L01-A01-010,在建专业,2020/5/28 0:00,郑州万象城,综合体,3,1,1,1
ZRH(ZB)-2002-L01-A01-010,水务专业,2020/5/28 0:00,郑州万象城,综合体,1,0,0,1
ZRH(ZB)-2002-L01-A01-010,消防专业,2020/5/28 0:00,郑州万象城,综合体,122,11,50,5
ZRH(ZB)-2002-L01-A01-010,燃气专业,2020/5/28 0:00,郑州万象城,综合体,26,6,20,0
ZRH(ZB)-2002-L01-A01-010,电梯专业,2020/5/28 0:00,郑州万象城,综合体,32,13,16,3
ZRH(ZB)-2002-L01-A01-010,电气专业,2020/5/28 0:00,郑州万象城,综合体,49,8,32,6
ZRH(ZB)-2002-L01-A01-011-001,其他专业,2020/5/22 0:00,淄博万象汇,综合体,21,6,11,0
ZRH(ZB)-2002-L01-A01-011-001,在建专业,2020/5/22 0:00,淄博万象汇,综合体,2,0,1,1
ZRH(ZB)-2002-L01-A01-011-001,消防专业,2020/5/22 0:00,淄博万象汇,综合体,112,16,56,8
ZRH(ZB)-2002-L01-A01-011-001,电梯专业,2020/5/22 0:00,淄博万象汇,综合体,13,6,7,0
ZRH(ZB)-2002-L01-A01-012,其他专业,2020/5/15 0:00,济南万象城,综合体,21,4,12,0
ZRH(ZB)-2002-L01-A01-012,在建专业,2020/5/15 0:00,济南万象城,综合体,1,0,1,0
ZRH(ZB)-2002-L01-A01-012,消防专业,2020/5/15 0:00,济南万象城,综合体,150,11,69,9
ZRH(ZB)-2002-L01-A01-012,燃气专业,2020/5/15 0:00,济南万象城,综合体,1,0,1,0
ZRH(ZB)-2002-L01-A01-012,电梯专业,2020/5/15 0:00,济南万象城,综合体,37,10,11,0
ZRH(ZB)-2002-L01-A01-013-001,其他专业,2020/6/9 0:00,京通Plus365,综合体,6,1,1,1
ZRH(ZB)-2002-L01-A01-013-001,消防专业,2020/6/9 0:00,京通Plus365,综合体,27,6,19,0
ZRH(ZB)-2002-L01-A01-013-001,电梯专业,2020/6/9 0:00,京通Plus365,综合体,58,6,7,0
ZRH(ZB)-2002-L01-A01-014-001,其他专业,2020/6/13 0:00,北京门头沟Plus365,综合体,6,1,2,0
ZRH(ZB)-2002-L01-A01-014-001,消防专业,2020/6/13 0:00,北京门头沟Plus365,综合体,24,7,15,2
ZRH(ZB)-2002-L01-A01-014-001,电梯专业,2020/6/13 0:00,北京门头沟Plus365,综合体,17,5,8,0
ZRH(ZB)-2002-L01-A01-015-001,其他专业,2020/5/9 0:00,青岛城阳万象汇,综合体,15,1,3,0
ZRH(ZB)-2002-L01-A01-015-001,在建专业,2020/5/9 0:00,青岛城阳万象汇,综合体,3,3,0,0
ZRH(ZB)-2002-L01-A01-015-001,消防专业,2020/5/9 0:00,青岛城阳万象汇,综合体,107,12,52,10
ZRH(ZB)-2002-L01-A01-015-001,燃气专业,2020/5/9 0:00,青岛城阳万象汇,综合体,1,1,0,0
ZRH(ZB)-2002-L01-A01-015-001,电气专业,2020/5/9 0:00,青岛城阳万象汇,综合体,4,0,1,0
ZRH(ZB)-2002-L01-A01-016-001,其他专业,2020/5/22 0:00,青岛万象城,综合体,29,9,14,0
ZRH(ZB)-2002-L01-A01-016-001,水务专业,2020/5/22 0:00,青岛万象城,综合体,1,0,0,1
ZRH(ZB)-2002-L01-A01-016-001,消防专业,2020/5/22 0:00,青岛万象城,综合体,91,10,53,3
ZRH(ZB)-2002-L01-A01-016-001,燃气专业,2020/5/22 0:00,青岛万象城,综合体,26,8,15,3
ZRH(ZB)-2002-L01-A01-016-001,电梯专业,2020/5/22 0:00,青岛万象城,综合体,20,6,14,0
ZRH(ZB)-2002-L01-A01-016-001,电气专业,2020/5/22 0:00,青岛万象城,综合体,31,4,25,1
ZRH(ZB)-2002-L01-A01-017-001,其他专业,2020/6/17 0:00,北京凤凰汇,综合体,5,0,5,0
ZRH(ZB)-2002-L01-A01-017-001,消防专业,2020/6/17 0:00,北京凤凰汇,综合体,14,0,12,2
ZRH(ZB)-2003-L01-B01-000-003,其他专业,2020/3/28 0:00,上海静安体育中心,会展,32,18,14,0
ZRH(ZB)-2003-L01-B01-000-003,消防专业,2020/3/28 0:00,上海静安体育中心,会展,23,1,11,0
ZRH(ZB)-2003-L01-B01-000-003,燃气专业,2020/3/28 0:00,上海静安体育中心,会展,4,0,4,0
ZRH(ZB)-2003-L01-B01-000-003,电梯专业,2020/3/28 0:00,上海静安体育中心,会展,7,1,3,3
ZRH(ZB)-2004-L01-A01-002-001,其他专业,2020/6/17 0:00,哈尔滨万象汇,综合体,35,21,13,0
ZRH(ZB)-2004-L01-A01-002-001,消防专业,2020/6/17 0:00,哈尔滨万象汇,综合体,66,13,33,7
ZRH(ZB)-2004-L01-A01-002-001,燃气专业,2020/6/17 0:00,哈尔滨万象汇,综合体,24,1,4,0
ZRH(ZB)-2004-L01-A01-002-001,电梯专业,2020/6/17 0:00,哈尔滨万象汇,综合体,37,11,20,6
ZRH(ZB)-2004-L01-A01-002-001,电气专业,2020/6/17 0:00,哈尔滨万象汇,综合体,2,0,2,0
ZRH(ZB)-2004-L01-A01-003-001,其他专业,2020/4/17 0:00,沈阳铁西万象汇,综合体,13,9,4,0
ZRH(ZB)-2004-L01-A01-003-001,暖通专业,2020/4/17 0:00,沈阳铁西万象汇,综合体,1,0,1,0
ZRH(ZB)-2004-L01-A01-003-001,水务专业,2020/4/17 0:00,沈阳铁西万象汇,综合体,1,0,1,0
ZRH(ZB)-2004-L01-A01-003-001,消防专业,2020/4/17 0:00,沈阳铁西万象汇,综合体,63,9,35,8
ZRH(ZB)-2004-L01-A01-003-001,燃气专业,2020/4/17 0:00,沈阳铁西万象汇,综合体,6,1,5,0
ZRH(ZB)-2004-L01-A01-003-001,电梯专业,2020/4/17 0:00,沈阳铁西万象汇,综合体,20,3,16,1
ZRH(ZB)-2004-L01-A02-001-003,其他专业,2020/4/17 0:00,万科云创,在建工程,222,15,49,8
ZRH(ZB)-2004-L01-A02-001-003,暖通专业,2020/4/17 0:00,万科云创,在建工程,3,0,2,0
ZRH(ZB)-2004-L01-A02-001-003,消防专业,2020/4/17 0:00,万科云创,在建工程,8,1,7,0
ZRH(ZB)-2004-L01-A02-001-004,其他专业,2020/4/18 0:00,前海企业公馆,在建工程,70,12,43,7
ZRH(ZB)-2004-L01-A02-001-004,在建专业,2020/4/18 0:00,前海企业公馆,在建工程,1,0,1,0
ZRH(ZB)-2004-L01-A02-001-004,消防专业,2020/4/18 0:00,前海企业公馆,在建工程,45,7,25,12
ZRH(ZB)-2004-L01-A02-001-005,其他专业,2020/5/14 0:00,海西金融广场,在建工程,3,0,1,2
ZRH(ZB)-2004-L01-A02-001-005,暖通专业,2020/5/14 0:00,海西金融广场,在建工程,1,0,1,0
ZRH(ZB)-2004-L01-A02-001-005,消防专业,2020/5/14 0:00,海西金融广场,在建工程,35,6,18,11
ZRH(ZB)-2004-L01-A02-001-005,电气专业,2020/5/14 0:00,海西金融广场,在建工程,15,3,11,1
ZRH(ZB)-2004-L01-A02-001-006,其他专业,2020/5/15 0:00,鼎丰财富中心,在建工程,20,2,18,0
ZRH(ZB)-2004-L01-A02-001-006,消防专业,2020/5/15 0:00,鼎丰财富中心,在建工程,22,3,15,4
ZRH(ZB)-2004-L01-A02-001-006,电梯专业,2020/5/15 0:00,鼎丰财富中心,在建工程,16,4,7,5
ZRH(ZB)-2004-L01-A02-001-006,电气专业,2020/5/15 0:00,鼎丰财富中心,在建工程,7,1,5,1
ZRH(ZB)-2004-L01-A02-001-007,其他专业,2020/5/16 0:00,万科云玺,在建工程,33,4,23,3
ZRH(ZB)-2004-L01-A02-001-007,暖通专业,2020/5/16 0:00,万科云玺,在建工程,1,0,1,0
ZRH(ZB)-2004-L01-A02-001-007,消防专业,2020/5/16 0:00,万科云玺,在建工程,29,2,20,7
ZRH(ZB)-2004-L01-A02-001-007,电梯专业,2020/5/16 0:00,万科云玺,在建工程,15,3,7,5
ZRH(ZB)-2004-L01-A02-001-007,电气专业,2020/5/16 0:00,万科云玺,在建工程,11,2,8,1
ZRH(ZB)-2004-L01-A02-001-008,其他专业,2020/5/17 0:00,创想中心,在建工程,23,6,15,2
ZRH(ZB)-2004-L01-A02-001-008,水务专业,2020/5/17 0:00,创想中心,在建工程,1,0,1,0
ZRH(ZB)-2004-L01-A02-001-008,消防专业,2020/5/17 0:00,创想中心,在建工程,25,4,14,6
ZRH(ZB)-2004-L01-A02-001-008,电梯专业,2020/5/17 0:00,创想中心,在建工程,25,9,9,7
ZRH(ZB)-2004-L01-A02-001-008,电气专业,2020/5/17 0:00,创想中心,在建工程,12,2,10,0
ZRH(ZB)-2004-L01-B02-000-001,消防专业,2020/11/23 0:00,无锡灵山祥符寺,景区,125,19,78,28
ZRH(ZB)-2004-L01-B02-000-001,电气专业,2020/11/23 0:00,无锡灵山祥符寺,景区,37,7,25,5
ZRH(ZB)-2005-L01-A01-001-001,其他专业,2020/5/28 0:00,科兴科学园,园区,430,36,110,9
ZRH(ZB)-2005-L01-A01-001-001,在建专业,2020/5/28 0:00,科兴科学园,园区,4,3,1,0
ZRH(ZB)-2005-L01-A01-001-001,暖通专业,2020/5/28 0:00,科兴科学园,园区,4,1,3,0
ZRH(ZB)-2005-L01-A01-001-001,水务专业,2020/5/28 0:00,科兴科学园,园区,2,0,2,0
ZRH(ZB)-2005-L01-A01-001-001,消防专业,2020/5/28 0:00,科兴科学园,园区,50,8,35,7
ZRH(ZB)-2005-L01-A01-001-001,燃气专业,2020/5/28 0:00,科兴科学园,园区,20,3,13,4
ZRH(ZB)-2005-L01-A01-001-001,电梯专业,2020/5/28 0:00,科兴科学园,园区,76,18,48,10
ZRH(ZB)-2005-L01-A01-001-001,电气专业,2020/5/28 0:00,科兴科学园,园区,77,6,62,9
ZRH(ZB)-2005-L01-A05-000-000,消防专业,2020/7/15 0:00,沈阳华润奉天九里花园（一、二期）,住宅,38,3,29,6
ZRH(ZB)-2005-L01-A05-000-000,电梯专业,2020/7/15 0:00,沈阳华润奉天九里花园（一、二期）,住宅,13,3,9,1
ZRH(ZB)-2005-L01-A05-000-000,电气专业,2020/7/15 0:00,沈阳华润奉天九里花园（一、二期）,住宅,9,4,5,0
ZRH(ZB)-2005-L01-A05-000-001,其他专业,2020/7/7 0:00,上海佘山九里,住宅,7,0,6,1
ZRH(ZB)-2005-L01-A05-000-001,消防专业,2020/7/7 0:00,上海佘山九里,住宅,47,0,32,12
ZRH(ZB)-2005-L01-A05-000-001,电梯专业,2020/7/7 0:00,上海佘山九里,住宅,20,5,11,4
ZRH(ZB)-2005-L01-A05-000-002,其他专业,2020/7/9 0:00,石家庄华润中心,写字楼,27,4,14,9
ZRH(ZB)-2005-L01-A05-000-002,消防专业,2020/7/9 0:00,石家庄华润中心,写字楼,56,14,39,3
ZRH(ZB)-2005-L01-A05-000-002,电梯专业,2020/7/9 0:00,石家庄华润中心,写字楼,17,5,11,1
ZRH(ZB)-2005-L01-A05-000-002,电气专业,2020/7/9 0:00,石家庄华润中心,写字楼,1,0,1,0
ZRH(ZB)-2005-L01-A05-000-003,其他专业,2020/7/10 0:00,唐山橡树湾,住宅,12,4,8,0
ZRH(ZB)-2005-L01-A05-000-003,在建专业,2020/7/10 0:00,唐山橡树湾,住宅,1,0,1,0
ZRH(ZB)-2005-L01-A05-000-003,消防专业,2020/7/10 0:00,唐山橡树湾,住宅,50,5,44,1
ZRH(ZB)-2005-L01-A05-000-003,电梯专业,2020/7/10 0:00,唐山橡树湾,住宅,16,4,8,4
ZRH(ZB)-2005-L01-A05-000-004,消防专业,2020/7/14 0:00,大连金悦湾,住宅,36,4,25,7
ZRH(ZB)-2005-L01-A05-000-004,电梯专业,2020/7/14 0:00,大连金悦湾,住宅,18,6,9,3
ZRH(ZB)-2005-L01-A05-000-004,电气专业,2020/7/14 0:00,大连金悦湾,住宅,17,8,9,0
ZRH(ZB)-2005-L01-A05-000-006,消防专业,2020/7/16 0:00,沈阳华润铁西中心,写字楼,24,2,18,4
ZRH(ZB)-2005-L01-A05-000-006,电梯专业,2020/7/16 0:00,沈阳华润铁西中心,写字楼,12,4,5,3
ZRH(ZB)-2005-L01-A05-000-006,电气专业,2020/7/16 0:00,沈阳华润铁西中心,写字楼,7,1,6,0
ZRH(ZB)-2005-L01-A05-000-007,消防专业,2020/7/18 0:00,沈阳华润昆仑御,住宅,50,2,39,9
ZRH(ZB)-2005-L01-A05-000-007,燃气专业,2020/7/18 0:00,沈阳华润昆仑御,住宅,8,2,6,0
ZRH(ZB)-2005-L01-A05-000-007,电梯专业,2020/7/18 0:00,沈阳华润昆仑御,住宅,17,3,9,5
ZRH(ZB)-2005-L01-A05-000-008,消防专业,2020/7/20 0:00,西安华润二十四城一期,住宅,46,4,33,9
ZRH(ZB)-2005-L01-A05-000-008,电梯专业,2020/7/20 0:00,西安华润二十四城一期,住宅,12,3,8,1
ZRH(ZB)-2005-L01-A05-000-008,电气专业,2020/7/20 0:00,西安华润二十四城一期,住宅,8,2,6,0
ZRH(ZB)-2005-L01-A05-000-009,消防专业,2020/7/21 0:00,成都华润广场,写字楼,35,1,29,5
ZRH(ZB)-2005-L01-A05-000-009,电梯专业,2020/7/21 0:00,成都华润广场,写字楼,16,7,7,2
ZRH(ZB)-2005-L01-A05-000-009,电气专业,2020/7/21 0:00,成都华润广场,写字楼,10,5,5,0
ZRH(ZB)-2005-L01-A05-000-010,消防专业,2020/7/23 0:00,成都华润橡树湾A区,住宅,36,4,28,4
ZRH(ZB)-2005-L01-A05-000-010,燃气专业,2020/7/23 0:00,成都华润橡树湾A区,住宅,4,2,2,0
ZRH(ZB)-2005-L01-A05-000-011,消防专业,2020/7/24 0:00,巴中江湾城,住宅,44,3,28,13
ZRH(ZB)-2005-L01-A05-000-011,电梯专业,2020/7/24 0:00,巴中江湾城,住宅,27,6,20,1
ZRH(ZB)-2005-L01-A05-000-011,电气专业,2020/7/24 0:00,巴中江湾城,住宅,15,7,8,0
ZRH(ZB)-2005-L01-A05-000-012,消防专业,2020/8/4 0:00,温州悦府,住宅,66,12,48,6
ZRH(ZB)-2005-L01-A05-000-012,电气专业,2020/8/4 0:00,温州悦府,住宅,12,2,10,0
ZRH(ZB)-2005-L01-A05-000-013,消防专业,2020/8/5 0:00,杭州华润大厦,写字楼,43,2,32,9
ZRH(ZB)-2005-L01-A05-000-013,电梯专业,2020/8/5 0:00,杭州华润大厦,写字楼,12,4,8,0
ZRH(ZB)-2005-L01-A05-000-013,电气专业,2020/8/5 0:00,杭州华润大厦,写字楼,10,2,8,0
ZRH(ZB)-2005-L01-A05-000-014,消防专业,2020/8/6 0:00,静安府一期,住宅,57,5,36,16
ZRH(ZB)-2005-L01-A05-000-014,电梯专业,2020/8/6 0:00,静安府一期,住宅,21,6,13,2
ZRH(ZB)-2005-L01-A05-000-014,电气专业,2020/8/6 0:00,静安府一期,住宅,13,6,7,0
ZRH(ZB)-2005-L01-A05-000-015,消防专业,2020/8/7 0:00,皇都花园,住宅,45,4,34,7
ZRH(ZB)-2005-L01-A05-000-015,电梯专业,2020/8/7 0:00,皇都花园,住宅,25,4,15,6
ZRH(ZB)-2005-L01-A05-000-015,电气专业,2020/8/7 0:00,皇都花园,住宅,22,10,12,0
ZRH(ZB)-2005-L01-A05-000-016,消防专业,2020/8/10 0:00,威海湾九里,住宅,64,8,49,7
ZRH(ZB)-2005-L01-A05-000-016,电梯专业,2020/8/10 0:00,威海湾九里,住宅,24,6,13,5
ZRH(ZB)-2005-L01-A05-000-016,电气专业,2020/8/10 0:00,威海湾九里,住宅,17,7,10,0
ZRH(ZB)-2005-L01-A05-000-017,消防专业,2020/8/11 0:00,淄博凯旋门,住宅,45,6,35,4
ZRH(ZB)-2005-L01-A05-000-017,电梯专业,2020/8/11 0:00,淄博凯旋门,住宅,17,2,11,4
ZRH(ZB)-2005-L01-A05-000-017,电气专业,2020/8/11 0:00,淄博凯旋门,住宅,11,2,9,0
ZRH(ZB)-2005-L01-A05-000-018,消防专业,2020/8/12 0:00,淄博华润大厦,写字楼,36,4,26,6
ZRH(ZB)-2005-L01-A05-000-018,电梯专业,2020/8/12 0:00,淄博华润大厦,写字楼,22,6,13,3
ZRH(ZB)-2005-L01-A05-000-018,电气专业,2020/8/12 0:00,淄博华润大厦,写字楼,6,2,4,0
ZRH(ZB)-2005-L01-A05-000-019,消防专业,2020/8/14 0:00,淄博中央公园,住宅,36,2,28,6
ZRH(ZB)-2005-L01-A05-000-019,电梯专业,2020/8/14 0:00,淄博中央公园,住宅,18,2,9,7
ZRH(ZB)-2005-L01-A05-000-019,电气专业,2020/8/14 0:00,淄博中央公园,住宅,7,3,4,0
ZRH(ZB)-2005-L01-A05-000-020,消防专业,2020/8/17 0:00,厦门华润大厦,写字楼,27,6,18,3
ZRH(ZB)-2005-L01-A05-000-020,电梯专业,2020/8/17 0:00,厦门华润大厦,写字楼,14,5,7,2
ZRH(ZB)-2005-L01-A05-000-020,电气专业,2020/8/17 0:00,厦门华润大厦,写字楼,11,5,6,0
ZRH(ZB)-2005-L01-A05-000-021,消防专业,2020/8/18 0:00,汕头幸福里雅居,住宅,42,3,34,5
ZRH(ZB)-2005-L01-A05-000-021,电梯专业,2020/8/18 0:00,汕头幸福里雅居,住宅,14,5,8,1
ZRH(ZB)-2005-L01-A05-000-021,电气专业,2020/8/18 0:00,汕头幸福里雅居,住宅,13,3,9,1
ZRH(ZB)-2005-L01-A05-000-022,消防专业,2020/8/19 0:00,福清中央公园,住宅,37,3,26,8
ZRH(ZB)-2005-L01-A05-000-022,电梯专业,2020/8/19 0:00,福清中央公园,住宅,10,3,6,1
ZRH(ZB)-2005-L01-A05-000-022,电气专业,2020/8/19 0:00,福清中央公园,住宅,18,7,11,0
ZRH(ZB)-2005-L01-A05-000-023,消防专业,2020/8/21 0:00,福州橡树湾橡府,住宅,54,2,43,9
ZRH(ZB)-2005-L01-A05-000-023,电气专业,2020/8/21 0:00,福州橡树湾橡府,住宅,10,2,8,0
ZRH(ZB)-2005-L01-A05-000-024,消防专业,2020/9/1 0:00,长沙凤凰城二期,住宅,32,3,27,2
ZRH(ZB)-2005-L01-A05-000-024,电气专业,2020/9/1 0:00,长沙凤凰城二期,住宅,5,2,3,0
ZRH(ZB)-2005-L01-A05-000-025,消防专业,2020/9/2 0:00,武汉凤凰城,住宅,34,3,25,6
ZRH(ZB)-2005-L01-A05-000-025,电梯专业,2020/9/2 0:00,武汉凤凰城,住宅,15,5,8,2
ZRH(ZB)-2005-L01-A05-000-025,电气专业,2020/9/2 0:00,武汉凤凰城,住宅,13,5,8,0
ZRH(ZB)-2005-L01-A05-000-026,消防专业,2020/9/3 0:00,南昌华润紫云府,综合体,35,4,28,3
ZRH(ZB)-2005-L01-A05-000-026,电梯专业,2020/9/3 0:00,南昌华润紫云府,综合体,17,6,6,5
ZRH(ZB)-2005-L01-A05-000-026,电气专业,2020/9/3 0:00,南昌华润紫云府,综合体,22,10,12,0
ZRH(ZB)-2005-L01-A05-000-027,消防专业,2020/9/4 0:00,赣州华润大厦C座,写字楼,28,4,18,6
ZRH(ZB)-2005-L01-A05-000-027,电梯专业,2020/9/4 0:00,赣州华润大厦C座,写字楼,11,5,6,0
ZRH(ZB)-2005-L01-A05-000-027,电气专业,2020/9/4 0:00,赣州华润大厦C座,写字楼,9,3,6,0
ZRH(ZB)-2005-L01-A05-000-028,消防专业,2020/9/7 0:00,武汉东风阳光城,住宅,66,4,49,13
ZRH(ZB)-2005-L01-A05-000-028,电梯专业,2020/9/7 0:00,武汉东风阳光城,住宅,19,4,11,4
ZRH(ZB)-2005-L01-A05-000-028,电气专业,2020/9/7 0:00,武汉东风阳光城,住宅,24,8,16,0
ZRH(ZB)-2005-L01-A05-000-030,消防专业,2020/9/10 0:00,襄阳东风佳园小区,住宅,56,5,44,7
ZRH(ZB)-2005-L01-A05-000-030,电梯专业,2020/9/10 0:00,襄阳东风佳园小区,住宅,11,6,3,2
ZRH(ZB)-2005-L01-A05-000-030,电气专业,2020/9/10 0:00,襄阳东风佳园小区,住宅,2,0,2,0
ZRH(ZB)-2005-L01-A05-000-031,消防专业,2020/9/11 0:00,十堰东风阳光城,住宅,57,4,46,7
ZRH(ZB)-2005-L01-A05-000-031,电梯专业,2020/9/11 0:00,十堰东风阳光城,住宅,20,4,8,8
ZRH(ZB)-2005-L01-A05-000-031,电气专业,2020/9/11 0:00,十堰东风阳光城,住宅,18,9,9,0
ZRH(ZB)-2005-L01-A05-000-032,消防专业,2020/9/14 0:00,扬州橡树湾,住宅,40,4,30,6
ZRH(ZB)-2005-L01-A05-000-032,电梯专业,2020/9/14 0:00,扬州橡树湾,住宅,17,3,12,2
ZRH(ZB)-2005-L01-A05-000-032,电气专业,2020/9/14 0:00,扬州橡树湾,住宅,18,10,8,0
ZRH(ZB)-2005-L01-A05-000-033,消防专业,2020/9/15 0:00,南京幸福里,住宅,46,2,35,9
ZRH(ZB)-2005-L01-A05-000-033,电梯专业,2020/9/15 0:00,南京幸福里,住宅,12,2,10,0
ZRH(ZB)-2005-L01-A05-000-033,电气专业,2020/9/15 0:00,南京幸福里,住宅,17,6,11,0
ZRH(ZB)-2005-L01-A05-000-034,消防专业,2020/9/16 0:00,苏州橡树湾,住宅,34,7,24,3
ZRH(ZB)-2005-L01-A05-000-034,电梯专业,2020/9/16 0:00,苏州橡树湾,住宅,18,5,10,3
ZRH(ZB)-2005-L01-A05-000-034,电气专业,2020/9/16 0:00,苏州橡树湾,住宅,23,9,14,0
ZRH(ZB)-2005-L01-A05-000-035,消防专业,2020/9/18 0:00,无锡橡树湾,住宅,49,6,40,3
ZRH(ZB)-2005-L01-A05-000-035,电气专业,2020/9/18 0:00,无锡橡树湾,住宅,18,7,11,0
ZRH(ZB)-2005-L01-A05-000-036,消防专业,2020/9/25 0:00,重庆华润二十四城,住宅,49,2,43,4
ZRH(ZB)-2005-L01-A05-000-036,电梯专业,2020/9/25 0:00,重庆华润二十四城,住宅,23,5,15,3
ZRH(ZB)-2005-L01-A05-000-036,电气专业,2020/9/25 0:00,重庆华润二十四城,住宅,17,4,13,0
ZRH(ZB)-2005-L01-A05-000-037,消防专业,2020/9/27 0:00,重庆二十四城,住宅,47,3,38,6
ZRH(ZB)-2005-L01-A05-000-037,电梯专业,2020/9/27 0:00,重庆二十四城,住宅,17,3,9,5
ZRH(ZB)-2005-L01-A05-000-037,电气专业,2020/9/27 0:00,重庆二十四城,住宅,17,8,9,0
ZRH(ZB)-2005-L01-A05-000-038,消防专业,2020/9/28 0:00,重庆华润大厦（广场）物业服务中心,写字楼,39,3,34,2
ZRH(ZB)-2005-L01-A05-000-038,电梯专业,2020/9/28 0:00,重庆华润大厦（广场）物业服务中心,写字楼,20,5,15,0
ZRH(ZB)-2005-L01-A05-000-038,电气专业,2020/9/28 0:00,重庆华润大厦（广场）物业服务中心,写字楼,7,0,7,0
ZRH(ZB)-2005-L01-A05-000-039,消防专业,2020/9/29 0:00,重庆中央公园,住宅,42,2,38,2
ZRH(ZB)-2005-L01-A05-000-039,电梯专业,2020/9/29 0:00,重庆中央公园,住宅,12,4,7,1
ZRH(ZB)-2005-L01-A05-000-039,电气专业,2020/9/29 0:00,重庆中央公园,住宅,18,5,13,0
ZRH(ZB)-2005-L01-A05-000-040,消防专业,2020/10/10 0:00,海南石梅湾九里,住宅,47,4,34,9
ZRH(ZB)-2005-L01-A05-000-040,电梯专业,2020/10/10 0:00,海南石梅湾九里,住宅,15,3,9,3
ZRH(ZB)-2005-L01-A05-000-040,电气专业,2020/10/10 0:00,海南石梅湾九里,住宅,11,3,8,0
ZRH(ZB)-2005-L01-A05-000-041,消防专业,2020/10/12 0:00,华润中心华润大厦,写字楼,20,2,16,2
ZRH(ZB)-2005-L01-A05-000-041,电梯专业,2020/10/12 0:00,华润中心华润大厦,写字楼,11,3,7,1
ZRH(ZB)-2005-L01-A05-000-041,电气专业,2020/10/12 0:00,华润中心华润大厦,写字楼,10,1,9,0
ZRH(ZB)-2005-L01-A05-000-042,消防专业,2020/10/13 0:00,深圳吉祥龙花园,住宅,41,3,33,5
ZRH(ZB)-2005-L01-A05-000-042,电梯专业,2020/10/13 0:00,深圳吉祥龙花园,住宅,26,5,14,7
ZRH(ZB)-2005-L01-A05-000-042,电气专业,2020/10/13 0:00,深圳吉祥龙花园,住宅,10,3,7,0
ZRH(ZB)-2005-L01-A05-000-043,消防专业,2020/10/15 0:00,大冲城市花园,住宅,27,5,22,0
ZRH(ZB)-2005-L01-A05-000-043,电梯专业,2020/10/15 0:00,大冲城市花园,住宅,18,2,11,5
ZRH(ZB)-2005-L01-A05-000-043,电气专业,2020/10/15 0:00,大冲城市花园,住宅,13,2,11,0
ZRH(ZB)-2005-L01-A05-000-044,消防专业,2020/10/16 0:00,航天三院云岗,住宅,56,9,33,14
ZRH(ZB)-2005-L01-A05-000-044,电梯专业,2020/10/16 0:00,航天三院云岗,住宅,13,4,7,2
ZRH(ZB)-2005-L01-A05-000-044,电气专业,2020/10/16 0:00,航天三院云岗,住宅,13,8,5,0
ZRH(ZB)-2005-L01-A05-000-045,消防专业,2020/10/20 0:00,华清嘉园,住宅,42,4,37,1
ZRH(ZB)-2005-L01-A05-000-045,电梯专业,2020/10/20 0:00,华清嘉园,住宅,6,0,6,0
ZRH(ZB)-2005-L01-A05-000-046,消防专业,2020/10/21 0:00,南宁凯旋1号,住宅,36,3,30,3
ZRH(ZB)-2005-L01-A05-000-046,电梯专业,2020/10/21 0:00,南宁凯旋1号,住宅,13,6,6,1
ZRH(ZB)-2005-L01-A05-000-046,电气专业,2020/10/21 0:00,南宁凯旋1号,住宅,9,3,5,1
ZRH(ZB)-2005-L01-A05-000-047,消防专业,2020/10/22 0:00,南宁华润二十四城,住宅,31,2,25,4
ZRH(ZB)-2005-L01-A05-000-047,电梯专业,2020/10/22 0:00,南宁华润二十四城,住宅,10,4,5,1
ZRH(ZB)-2005-L01-A05-000-047,电气专业,2020/10/22 0:00,南宁华润二十四城,住宅,14,3,10,1
ZRH(ZB)-2005-L01-A05-000-048,消防专业,2020/10/23 0:00,柳州华润大厦,写字楼,19,4,12,3
ZRH(ZB)-2005-L01-A05-000-048,电梯专业,2020/10/23 0:00,柳州华润大厦,写字楼,13,4,8,1
ZRH(ZB)-2005-L01-A05-000-048,电气专业,2020/10/23 0:00,柳州华润大厦,写字楼,8,1,7,0
ZRH(ZB)-2005-L01-A05-000-049,消防专业,2020/10/27 0:00,柳州凯旋门,住宅,32,4,26,2
ZRH(ZB)-2005-L01-A05-000-049,电气专业,2020/10/27 0:00,柳州凯旋门,住宅,10,4,6,0
ZRH(ZB)-2005-L01-B01-000-001,其他专业,2020/5/13 0:00,南宁凯旋1号,住宅,45,3,36,6
ZRH(ZB)-2005-L01-B01-000-001,消防专业,2020/5/13 0:00,南宁凯旋1号,住宅,62,11,31,18
ZRH(ZB)-2005-L01-B01-000-001,燃气专业,2020/5/13 0:00,南宁凯旋1号,住宅,44,4,39,1
ZRH(ZB)-2005-L01-B01-000-001,电梯专业,2020/5/13 0:00,南宁凯旋1号,住宅,33,8,21,4
ZRH(ZB)-2005-L01-B01-000-001,电气专业,2020/5/13 0:00,南宁凯旋1号,住宅,16,1,10,5
ZRH(ZB)-2005-L01-B02-000-001,其他专业,2020/7/6 0:00,福州万象城,综合体,105,22,56,10
ZRH(ZB)-2005-L01-B02-000-001,在建专业,2020/7/6 0:00,福州万象城,综合体,1,0,0,1
ZRH(ZB)-2005-L01-B02-000-001,水务专业,2020/7/6 0:00,福州万象城,综合体,1,0,1,0
ZRH(ZB)-2005-L01-B02-000-001,消防专业,2020/7/6 0:00,福州万象城,综合体,77,13,57,7
ZRH(ZB)-2005-L01-B02-000-001,电梯专业,2020/7/6 0:00,福州万象城,综合体,41,9,27,5
ZRH(ZB)-2005-L01-B02-000-001,电气专业,2020/7/6 0:00,福州万象城,综合体,15,2,12,1
ZRH(ZB)-2005-L01-B04-000-001,在建专业,2021/6/30 0:00,兴化项目,水务,3,0,2,1
ZRH(ZB)-2005-L01-B04-000-002,水务专业,2020/7/20 0:00,兴化项目,水务,98,67,30,1
ZRH(ZB)-2005-L01-B04-000-003,水务专业,2020/7/21 0:00,兴化项目,水务,36,20,13,3
ZRH(ZB)-2005-L01-B04-000-004,水务专业,2020/7/20 0:00,兴化项目,水务,29,29,0,0
ZRH(ZB)-2005-L01-B04-000-005,水务专业,2020/7/21 0:00,兴化项目,水务,35,16,19,0
ZRH(ZB)-2005-L01-B04-000-006,水务专业,2020/7/21 0:00,兴化项目,水务,17,8,8,1
ZRH(ZB)-2005-L01-B04-000-007,水务专业,2020/7/20 0:00,兴化项目,水务,35,28,7,0
ZRH(ZB)-2005-L01-B04-000-008,水务专业,2020/7/21 0:00,兴化项目,水务,32,20,11,1
ZRH(ZB)-2005-L01-B05-000-01,消防专业,2020/7/27 0:00,石梅湾艾美酒店,酒店,40,8,26,6
ZRH(ZB)-2005-L01-B05-000-01,燃气专业,2020/7/27 0:00,石梅湾艾美酒店,酒店,8,2,6,0
ZRH(ZB)-2005-L01-B05-000-01,电梯专业,2020/7/27 0:00,石梅湾艾美酒店,酒店,22,6,11,5
ZRH(ZB)-2005-L01-B05-000-01,装修专业,2020/7/27 0:00,石梅湾艾美酒店,酒店,24,7,16,1
ZRH(ZB)-2005-L01-B05-000-02,消防专业,2020/7/28 0:00,石梅湾运营中心,NONE,25,7,14,4
ZRH(ZB)-2005-L01-B05-000-02,燃气专业,2020/7/28 0:00,石梅湾运营中心,NONE,24,2,22,0
ZRH(ZB)-2005-L01-B05-000-02,电梯专业,2020/7/28 0:00,石梅湾运营中心,NONE,15,2,9,4
ZRH(ZB)-2005-L01-B05-000-02,装修专业,2020/7/28 0:00,石梅湾运营中心,NONE,7,0,7,0
ZRH(ZB)-2005-L01-B05-000-03,消防专业,2020/9/30 0:00,海口N次方,综合体,28,3,17,8
ZRH(ZB)-2005-L01-B05-000-03,燃气专业,2020/9/30 0:00,海口N次方,综合体,17,1,15,1
ZRH(ZB)-2005-L01-B05-000-03,电梯专业,2020/9/30 0:00,海口N次方,综合体,25,5,18,2
ZRH(ZB)-2005-L01-B05-000-03,电气专业,2020/9/30 0:00,海口N次方,综合体,7,1,6,0
ZRH(ZB)-2005-L01-B05-000-03,装修专业,2020/9/30 0:00,海口N次方,综合体,2,1,1,0
ZRH(ZB)-2006-L01-B01-000-001-01,其他专业,2020/7/5 0:00,宁波钱湖乐都汇,综合体,195,8,38,20
ZRH(ZB)-2006-L01-B01-000-001-01,在建专业,2020/7/5 0:00,宁波钱湖乐都汇,综合体,1,0,0,1
ZRH(ZB)-2006-L01-B01-000-001-01,暖通专业,2020/7/5 0:00,宁波钱湖乐都汇,综合体,1,0,1,0
ZRH(ZB)-2006-L01-B01-000-001-01,消防专业,2020/7/5 0:00,宁波钱湖乐都汇,综合体,137,17,48,23
ZRH(ZB)-2006-L01-B01-000-001-01,燃气专业,2020/7/5 0:00,宁波钱湖乐都汇,综合体,19,3,13,3
ZRH(ZB)-2006-L01-B01-000-001-01,电梯专业,2020/7/5 0:00,宁波钱湖乐都汇,综合体,25,5,14,6
ZRH(ZB)-2006-L01-B01-000-001-01,电气专业,2020/7/5 0:00,宁波钱湖乐都汇,综合体,40,8,28,4
ZRH(ZB)-2006-L01-B02-000-001,其他专业,2020/6/12 0:00,深圳会展中心,会展,6,3,3,0
ZRH(ZB)-2006-L01-B02-000-001,消防专业,2020/6/12 0:00,深圳会展中心,会展,17,6,8,3
ZRH(ZB)-2006-L01-B02-000-001,电梯专业,2020/6/12 0:00,深圳会展中心,会展,24,4,13,5
ZRH(ZB)-2006-L01-B02-000-001,电气专业,2020/6/12 0:00,深圳会展中心,会展,19,6,13,0
ZRH(ZB)-2006-L01-B09-000-001,幕墙专业,2020/7/23 0:00,惠州华润小径湾,住宅,3,2,1,0
ZRH(ZB)-2006-L01-B09-000-001,暖通专业,2020/7/23 0:00,惠州华润小径湾,住宅,1,0,1,0
ZRH(ZB)-2006-L01-B09-000-001,消防专业,2020/7/23 0:00,惠州华润小径湾,住宅,96,21,58,17
ZRH(ZB)-2006-L01-B09-000-001,燃气专业,2020/7/23 0:00,惠州华润小径湾,住宅,9,5,4,0
ZRH(ZB)-2006-L01-B09-000-001,电梯专业,2020/7/23 0:00,惠州华润小径湾,住宅,52,15,25,12
ZRH(ZB)-2006-L01-B09-000-001,电气专业,2020/7/23 0:00,惠州华润小径湾,住宅,112,19,84,9
ZRH(ZB)-2006-L01-B09-000-001,装修专业,2020/7/23 0:00,惠州华润小径湾,住宅,15,0,12,3
ZRH(ZB)-2007-L01-A01-000-01,消防专业,2020/7/29 0:00,青岛城阳万象汇,综合体,37,7,26,4
ZRH(ZB)-2007-L01-A01-000-01,电梯专业,2020/7/29 0:00,青岛城阳万象汇,综合体,13,5,5,3
ZRH(ZB)-2007-L01-A01-000-01,电气专业,2020/7/29 0:00,青岛城阳万象汇,综合体,22,6,14,2
ZRH(ZB)-2007-L01-A01-000-04,消防专业,2020/7/25 0:00,郑州万象城,综合体,48,11,34,3
ZRH(ZB)-2007-L01-A01-000-04,电梯专业,2020/7/25 0:00,郑州万象城,综合体,13,2,11,0
ZRH(ZB)-2007-L01-A01-000-04,电气专业,2020/7/25 0:00,郑州万象城,综合体,23,7,13,3
ZRH(ZB)-2007-L01-A01-000-05,消防专业,2020/8/5 0:00,合肥万象城,综合体,28,13,14,1
ZRH(ZB)-2007-L01-A01-000-05,燃气专业,2020/8/5 0:00,合肥万象城,综合体,2,0,2,0
ZRH(ZB)-2007-L01-A01-000-05,电梯专业,2020/8/5 0:00,合肥万象城,综合体,26,10,14,2
ZRH(ZB)-2007-L01-A01-000-05,电气专业,2020/8/5 0:00,合肥万象城,综合体,10,1,9,0
ZRH(ZB)-2007-L01-A01-000-06,消防专业,2020/8/5 0:00,厦门万象城,综合体,101,15,72,14
ZRH(ZB)-2007-L01-A01-000-06,燃气专业,2020/8/5 0:00,厦门万象城,综合体,12,2,9,1
ZRH(ZB)-2007-L01-A01-000-06,电梯专业,2020/8/5 0:00,厦门万象城,综合体,22,5,15,2
ZRH(ZB)-2007-L01-A01-000-06,电气专业,2020/8/5 0:00,厦门万象城,综合体,43,4,33,6
ZRH(ZB)-2007-L01-A01-000-07,消防专业,2020/8/8 0:00,石家庄万象城,综合体,94,14,60,20
ZRH(ZB)-2007-L01-A01-000-07,电梯专业,2020/8/8 0:00,石家庄万象城,综合体,33,9,23,1
ZRH(ZB)-2007-L01-A01-000-08,消防专业,2020/8/8 0:00,余姚五彩城,综合体,69,9,52,8
ZRH(ZB)-2007-L01-A01-000-08,电梯专业,2020/8/8 0:00,余姚五彩城,综合体,20,6,12,2
ZRH(ZB)-2007-L01-A01-000-08,电气专业,2020/8/8 0:00,余姚五彩城,综合体,38,3,32,3
ZRH(ZB)-2007-L01-A01-000-09,消防专业,2020/7/18 0:00,泰州万象城,综合体,29,8,17,4
ZRH(ZB)-2007-L01-A01-000-09,燃气专业,2020/7/18 0:00,泰州万象城,综合体,1,0,1,0
ZRH(ZB)-2007-L01-A01-000-09,电梯专业,2020/7/18 0:00,泰州万象城,综合体,10,2,6,2
ZRH(ZB)-2007-L01-A01-000-09,电气专业,2020/7/18 0:00,泰州万象城,综合体,37,8,27,2
ZRH(ZB)-2007-L01-A01-000-10,消防专业,2020/8/12 0:00,上海南翔五彩城,综合体,53,7,43,3
ZRH(ZB)-2007-L01-A01-000-10,电梯专业,2020/8/12 0:00,上海南翔五彩城,综合体,10,2,5,3
ZRH(ZB)-2007-L01-A01-000-10,电气专业,2020/8/12 0:00,上海南翔五彩城,综合体,39,3,32,4
ZRH(ZB)-2007-L01-A01-000-11,消防专业,2020/8/12 0:00,成都万象城,综合体,69,12,53,4
ZRH(ZB)-2007-L01-A01-000-11,电梯专业,2020/8/12 0:00,成都万象城,综合体,38,13,23,2
ZRH(ZB)-2007-L01-A01-000-12,消防专业,2020/8/15 0:00,弹子石万象汇,综合体,48,9,36,3
ZRH(ZB)-2007-L01-A01-000-12,电梯专业,2020/8/15 0:00,弹子石万象汇,综合体,27,11,16,0
ZRH(ZB)-2007-L01-A01-000-13,消防专业,2020/8/15 0:00,无锡万象城,综合体,100,17,76,7
ZRH(ZB)-2007-L01-A01-000-13,电梯专业,2020/8/15 0:00,无锡万象城,综合体,9,6,3,0
ZRH(ZB)-2007-L01-A01-000-13,电气专业,2020/8/15 0:00,无锡万象城,综合体,33,4,27,2
ZRH(ZB)-2007-L01-A01-000-14,消防专业,2020/8/19 0:00,深圳万象天地,综合体,109,21,85,3
ZRH(ZB)-2007-L01-A01-000-14,电梯专业,2020/8/19 0:00,深圳万象天地,综合体,20,6,13,1
ZRH(ZB)-2007-L01-A01-000-14,电气专业,2020/8/19 0:00,深圳万象天地,综合体,6,0,4,2
ZRH(ZB)-2007-L01-A01-000-15,消防专业,2020/7/21 0:00,杭州万象城,综合体,73,20,47,6
ZRH(ZB)-2007-L01-A01-000-15,电梯专业,2020/7/21 0:00,杭州万象城,综合体,16,3,9,4
ZRH(ZB)-2007-L01-A01-000-15,电气专业,2020/7/21 0:00,杭州万象城,综合体,15,2,12,1
ZRH(ZB)-2007-L01-A01-000-16,消防专业,2020/8/20 0:00,深圳万象城,综合体,80,17,55,8
ZRH(ZB)-2007-L01-A01-000-16,电梯专业,2020/8/20 0:00,深圳万象城,综合体,21,7,13,1
ZRH(ZB)-2007-L01-A01-000-16,电气专业,2020/8/20 0:00,深圳万象城,综合体,46,3,38,5
ZRH(ZB)-2007-L01-A01-000-17,消防专业,2020/8/25 0:00,青岛万象城,综合体,100,37,59,4
ZRH(ZB)-2007-L01-A01-000-17,电梯专业,2020/8/25 0:00,青岛万象城,综合体,19,4,14,1
ZRH(ZB)-2007-L01-A01-000-17,电气专业,2020/8/25 0:00,青岛万象城,综合体,12,0,11,1
ZRH(ZB)-2007-L01-A01-000-18,消防专业,2020/8/25 0:00,沈阳万象城,综合体,59,16,41,2
ZRH(ZB)-2007-L01-A01-000-18,燃气专业,2020/8/25 0:00,沈阳万象城,综合体,16,6,10,0
ZRH(ZB)-2007-L01-A01-000-18,电梯专业,2020/8/25 0:00,沈阳万象城,综合体,33,6,23,4
ZRH(ZB)-2007-L01-A01-000-18,电气专业,2020/8/25 0:00,沈阳万象城,综合体,31,6,22,3
ZRH(ZB)-2007-L01-A01-000-19,消防专业,2020/8/29 0:00,日照万象汇,综合体,106,31,73,2
ZRH(ZB)-2007-L01-A01-000-19,电梯专业,2020/8/29 0:00,日照万象汇,综合体,20,4,15,1
ZRH(ZB)-2007-L01-A01-000-19,电气专业,2020/8/29 0:00,日照万象汇,综合体,1,0,1,0
ZRH(ZB)-2007-L01-A01-000-20,消防专业,2020/8/29 0:00,天津万象城,综合体,93,11,64,18
ZRH(ZB)-2007-L01-A01-000-20,燃气专业,2020/8/29 0:00,天津万象城,综合体,10,2,6,2
ZRH(ZB)-2007-L01-A01-000-20,电梯专业,2020/8/29 0:00,天津万象城,综合体,32,9,22,1
ZRH(ZB)-2007-L01-A01-000-20,电气专业,2020/8/29 0:00,天津万象城,综合体,45,4,39,2
ZRH(ZB)-2007-L01-A01-000-21,消防专业,2020/9/4 0:00,赣州万象城,综合体,70,16,50,4
ZRH(ZB)-2007-L01-A01-000-21,电梯专业,2020/9/4 0:00,赣州万象城,综合体,16,3,12,1
ZRH(ZB)-2007-L01-A01-000-22,在建专业,2020/9/4 0:00,泸州万象汇,综合体,1,0,1,0
ZRH(ZB)-2007-L01-A01-000-22,消防专业,2020/9/4 0:00,泸州万象汇,综合体,55,5,45,5
ZRH(ZB)-2007-L01-A01-000-22,燃气专业,2020/9/4 0:00,泸州万象汇,综合体,6,2,3,1
ZRH(ZB)-2007-L01-A01-000-22,电梯专业,2020/9/4 0:00,泸州万象汇,综合体,21,5,15,1
ZRH(ZB)-2007-L01-A01-000-22,电气专业,2020/9/4 0:00,泸州万象汇,综合体,34,4,25,5
ZRH(ZB)-2007-L01-A01-000-23,消防专业,2020/9/8 0:00,合肥五彩城,综合体,89,14,70,5
ZRH(ZB)-2007-L01-A01-000-23,电梯专业,2020/9/8 0:00,合肥五彩城,综合体,15,5,10,0
ZRH(ZB)-2007-L01-A01-000-24,消防专业,2020/9/8 0:00,吴江万象汇,综合体,100,18,70,12
ZRH(ZB)-2007-L01-A01-000-24,燃气专业,2020/9/8 0:00,吴江万象汇,综合体,14,0,14,0
ZRH(ZB)-2007-L01-A01-000-24,电梯专业,2020/9/8 0:00,吴江万象汇,综合体,37,8,25,4
ZRH(ZB)-2007-L01-A01-000-24,电气专业,2020/9/8 0:00,吴江万象汇,综合体,52,3,44,5
ZRH(ZB)-2007-L01-A01-000-25,消防专业,2020/9/11 0:00,上海万象城,综合体,103,24,73,6
ZRH(ZB)-2007-L01-A01-000-25,电梯专业,2020/9/11 0:00,上海万象城,综合体,16,6,9,1
ZRH(ZB)-2007-L01-A01-000-26,消防专业,2020/9/11 0:00,杭州萧山万象汇,综合体,75,7,59,9
ZRH(ZB)-2007-L01-A01-000-26,燃气专业,2020/9/11 0:00,杭州萧山万象汇,综合体,8,0,8,0
ZRH(ZB)-2007-L01-A01-000-26,电梯专业,2020/9/11 0:00,杭州萧山万象汇,综合体,20,3,14,3
ZRH(ZB)-2007-L01-A01-000-26,电气专业,2020/9/11 0:00,杭州萧山万象汇,综合体,37,3,31,3
ZRH(ZB)-2007-L01-A01-000-27,消防专业,2020/9/15 0:00,柳州万象城,综合体,111,11,90,10
ZRH(ZB)-2007-L01-A01-000-27,电梯专业,2020/9/15 0:00,柳州万象城,综合体,13,3,9,1
ZRH(ZB)-2007-L01-A01-000-27,电气专业,2020/9/15 0:00,柳州万象城,综合体,70,14,47,9
ZRH(ZB)-2007-L01-A01-000-28,消防专业,2020/9/15 0:00,北京密云万象汇,综合体,81,17,58,6
ZRH(ZB)-2007-L01-A01-000-28,电梯专业,2020/9/15 0:00,北京密云万象汇,综合体,20,5,15,0
ZRH(ZB)-2007-L01-A01-000-28,电气专业,2020/9/15 0:00,北京密云万象汇,综合体,24,3,17,4
ZRH(ZB)-2007-L01-A01-000-29,消防专业,2020/9/19 0:00,淄博万象汇,综合体,102,17,76,9
ZRH(ZB)-2007-L01-A01-000-29,电梯专业,2020/9/19 0:00,淄博万象汇,综合体,23,8,14,1
ZRH(ZB)-2007-L01-A01-000-29,电气专业,2020/9/19 0:00,淄博万象汇,综合体,37,3,32,2
ZRH(ZB)-2007-L01-A01-000-30,消防专业,2020/9/19 0:00,西咸万象城,综合体,106,14,85,7
ZRH(ZB)-2007-L01-A01-000-30,电梯专业,2020/9/19 0:00,西咸万象城,综合体,13,5,7,1
ZRH(ZB)-2007-L01-A01-000-31,消防专业,2020/9/23 0:00,沈阳铁西万象汇,综合体,109,18,81,10
ZRH(ZB)-2007-L01-A01-000-31,电梯专业,2020/9/23 0:00,沈阳铁西万象汇,综合体,17,7,10,0
ZRH(ZB)-2007-L01-A01-000-32,消防专业,2020/9/23 0:00,济南万象城,综合体,67,18,47,2
ZRH(ZB)-2007-L01-A01-000-32,电梯专业,2020/9/23 0:00,济南万象城,综合体,25,6,18,1
ZRH(ZB)-2007-L01-A01-000-32,电气专业,2020/9/23 0:00,济南万象城,综合体,32,2,29,1
ZRH(ZB)-2007-L01-A01-000-33,消防专业,2020/9/29 0:00,北京五彩城,综合体,89,16,67,6
ZRH(ZB)-2007-L01-A01-000-33,电梯专业,2020/9/29 0:00,北京五彩城,综合体,33,10,22,1
ZRH(ZB)-2007-L01-A01-000-33,电气专业,2020/9/29 0:00,北京五彩城,综合体,27,2,22,3
ZRH(ZB)-2007-L01-A01-000-34,消防专业,2020/9/29 0:00,温州万象城,综合体,51,11,36,4
ZRH(ZB)-2007-L01-A01-000-34,电梯专业,2020/9/29 0:00,温州万象城,综合体,17,4,12,1
ZRH(ZB)-2007-L01-A01-000-35,消防专业,2020/10/12 0:00,北京凤凰汇,综合体,60,11,40,9
ZRH(ZB)-2007-L01-A01-000-35,电梯专业,2020/10/12 0:00,北京凤凰汇,综合体,35,11,20,4
ZRH(ZB)-2007-L01-A01-000-35,电气专业,2020/10/12 0:00,北京凤凰汇,综合体,37,4,30,3
ZRH(ZB)-2007-L01-A01-000-36,消防专业,2020/10/12 0:00,长沙星沙万象汇,综合体,26,8,17,1
ZRH(ZB)-2007-L01-A01-000-36,电梯专业,2020/10/12 0:00,长沙星沙万象汇,综合体,15,4,10,1
ZRH(ZB)-2007-L01-A01-000-37,消防专业,2020/10/16 0:00,哈尔滨万象汇,综合体,150,10,109,31
ZRH(ZB)-2007-L01-A01-000-37,电梯专业,2020/10/16 0:00,哈尔滨万象汇,综合体,59,24,31,4
ZRH(ZB)-2007-L01-A01-000-37,电气专业,2020/10/16 0:00,哈尔滨万象汇,综合体,36,1,32,3
ZRH(ZB)-2007-L01-A01-000-38,消防专业,2020/10/15 0:00,海口N次方,综合体,92,13,54,25
ZRH(ZB)-2007-L01-A01-000-38,电梯专业,2020/10/15 0:00,海口N次方,综合体,15,4,7,4
ZRH(ZB)-2007-L01-A01-000-39,消防专业,2020/10/20 0:00,临沂万象汇,综合体,220,20,176,24
ZRH(ZB)-2007-L01-A01-000-39,电梯专业,2020/10/20 0:00,临沂万象汇,综合体,31,9,22,0
ZRH(ZB)-2007-L01-A01-000-39,电气专业,2020/10/20 0:00,临沂万象汇,综合体,43,2,36,5
ZRH(ZB)-2007-L01-A01-000-40,消防专业,2020/10/20 0:00,重庆万象城,综合体,84,14,60,10
ZRH(ZB)-2007-L01-A01-000-40,电梯专业,2020/10/20 0:00,重庆万象城,综合体,19,6,13,0
ZRH(ZB)-2007-L01-A01-000-41,消防专业,2020/10/24 0:00,南宁万象城,综合体,43,4,37,2
ZRH(ZB)-2007-L01-A01-000-41,电梯专业,2020/10/24 0:00,南宁万象城,综合体,15,6,8,1
ZRH(ZB)-2007-L01-A01-000-42,消防专业,2020/10/24 0:00,南通万象城,综合体,83,13,60,10
ZRH(ZB)-2007-L01-A01-000-42,电梯专业,2020/10/24 0:00,南通万象城,综合体,30,12,18,0
ZRH(ZB)-2007-L01-A01-000-42,电气专业,2020/10/24 0:00,南通万象城,综合体,36,5,29,2
ZRH(ZB)-2007-L01-A01-000-43,消防专业,2020/10/28 0:00,扬州万象汇,综合体,120,11,97,12
ZRH(ZB)-2007-L01-A01-000-43,电梯专业,2020/10/28 0:00,扬州万象汇,综合体,42,5,29,8
ZRH(ZB)-2007-L01-A01-000-44,消防专业,2020/10/28 0:00,昆山万象汇,综合体,43,4,36,3
ZRH(ZB)-2007-L01-A01-000-44,电梯专业,2020/10/28 0:00,昆山万象汇,综合体,12,2,10,0
ZRH(ZB)-2007-L01-A01-000-44,电气专业,2020/10/28 0:00,昆山万象汇,综合体,35,2,31,2
ZRH(ZB)-2007-L01-A01-000-45,消防专业,2020/10/31 0:00,太原万象城,综合体,165,41,103,21
ZRH(ZB)-2007-L01-A01-000-45,电梯专业,2020/10/31 0:00,太原万象城,综合体,16,3,13,0
ZRH(ZB)-2007-L01-A01-000-45,电气专业,2020/10/31 0:00,太原万象城,综合体,45,4,35,6
ZRH(ZB)-2007-L01-A01-000-46,消防专业,2020/11/6 0:00,鞍山万象汇,综合体,90,11,73,6
ZRH(ZB)-2007-L01-A01-000-46,电梯专业,2020/11/6 0:00,鞍山万象汇,综合体,21,3,17,1
ZRH(ZB)-2007-L01-A01-000-47,消防专业,2020/11/10 0:00,合肥庐阳万象汇,综合体,83,9,68,6
ZRH(ZB)-2007-L01-A01-000-47,电梯专业,2020/11/10 0:00,合肥庐阳万象汇,综合体,15,3,11,1
ZRH(ZB)-2007-L01-A01-000-48,消防专业,2020/11/11 0:00,深圳湾万象城,综合体,49,8,38,3
ZRH(ZB)-2007-L01-A01-000-48,电梯专业,2020/11/11 0:00,深圳湾万象城,综合体,33,5,27,1
ZRH(ZB)-2007-L01-A01-000-48,电气专业,2020/11/11 0:00,深圳湾万象城,综合体,39,2,34,3
ZRH(ZB)-2007-L01-A01-000-49,消防专业,2020/11/14 0:00,上海时代广场,综合体,97,7,69,21
ZRH(ZB)-2007-L01-A01-000-49,燃气专业,2020/11/14 0:00,上海时代广场,综合体,2,0,1,1
ZRH(ZB)-2007-L01-A01-000-49,电梯专业,2020/11/14 0:00,上海时代广场,综合体,18,7,5,6
ZRH(ZB)-2007-L01-A01-000-49,电气专业,2020/11/14 0:00,上海时代广场,综合体,40,1,32,7
ZRH(ZB)-2007-L01-A01-000-50,消防专业,2020/11/18 0:00,桂林万象城,综合体,76,10,58,8
ZRH(ZB)-2007-L01-A01-000-50,电梯专业,2020/11/18 0:00,桂林万象城,综合体,22,7,12,3
ZRH(ZB)-2007-L01-A01-000-50,电气专业,2020/11/18 0:00,桂林万象城,综合体,40,1,32,7
ZRH(ZB)-2007-L01-A01-000-51,消防专业,2020/11/25 0:00,成都万象城,综合体,29,2,17,10
ZRH(ZB)-2007-L01-A01-000-51,电梯专业,2020/11/25 0:00,成都万象城,综合体,16,2,13,1
ZRH(ZB)-2007-L01-A01-000-52,消防专业,2020/11/27 0:00,厦门万象城,综合体,116,19,81,16
ZRH(ZB)-2007-L01-A01-000-52,燃气专业,2020/11/27 0:00,厦门万象城,综合体,15,1,12,2
ZRH(ZB)-2007-L01-A01-000-52,电气专业,2020/11/27 0:00,厦门万象城,综合体,33,3,25,5
ZRH(ZB)-2007-L01-A03-000-01,消防专业,2020/7/17 0:00,长沙星沙万象汇,综合体,140,24,104,12
ZRH(ZB)-2007-L01-A03-000-01,燃气专业,2020/7/17 0:00,长沙星沙万象汇,综合体,33,6,25,2
ZRH(ZB)-2007-L01-A03-000-01,电梯专业,2020/7/17 0:00,长沙星沙万象汇,综合体,47,13,30,4
ZRH(ZB)-2007-L01-A03-000-01,电气专业,2020/7/17 0:00,长沙星沙万象汇,综合体,62,4,48,10
ZRH(ZB)-2007-L01-A03-000-02,消防专业,2020/7/24 0:00,合肥五彩城,综合体,108,26,70,12
ZRH(ZB)-2007-L01-A03-000-02,燃气专业,2020/7/24 0:00,合肥五彩城,综合体,28,5,20,3
ZRH(ZB)-2007-L01-A03-000-02,电梯专业,2020/7/24 0:00,合肥五彩城,综合体,18,8,10,0
ZRH(ZB)-2007-L01-A03-000-02,电气专业,2020/7/24 0:00,合肥五彩城,综合体,41,8,29,4
ZRH(ZB)-2007-L01-A03-000-03,消防专业,2020/7/24 0:00,赣州万象城,综合体,88,11,65,12
ZRH(ZB)-2007-L01-A03-000-03,燃气专业,2020/7/24 0:00,赣州万象城,综合体,31,4,23,4
ZRH(ZB)-2007-L01-A03-000-03,电梯专业,2020/7/24 0:00,赣州万象城,综合体,34,12,19,3
ZRH(ZB)-2007-L01-A03-000-03,电气专业,2020/7/24 0:00,赣州万象城,综合体,65,6,51,8
ZRH(ZB)-2007-L01-A03-000-04,消防专业,2020/7/30 0:00,合肥庐阳万象汇,综合体,306,56,207,43
ZRH(ZB)-2007-L01-A03-000-04,燃气专业,2020/7/30 0:00,合肥庐阳万象汇,综合体,25,4,19,2
ZRH(ZB)-2007-L01-A03-000-04,电梯专业,2020/7/30 0:00,合肥庐阳万象汇,综合体,55,13,35,7
ZRH(ZB)-2007-L01-A03-000-04,电气专业,2020/7/30 0:00,合肥庐阳万象汇,综合体,98,7,76,15
ZRH(ZB)-2007-L01-A03-000-05,消防专业,2020/8/20 0:00,有巢公馆天津假日,长租公寓,42,5,28,9
ZRH(ZB)-2007-L01-A03-000-05,电梯专业,2020/8/20 0:00,有巢公馆天津假日,长租公寓,21,8,8,5
ZRH(ZB)-2007-L01-A03-000-05,电气专业,2020/8/20 0:00,有巢公馆天津假日,长租公寓,36,2,29,5
ZRH(ZB)-2007-L01-A04-000-000,消防专业,2020/12/11 0:00,北京五彩城,综合体,103,19,77,7
ZRH(ZB)-2007-L01-A04-000-000,燃气专业,2020/12/11 0:00,北京五彩城,综合体,6,0,5,1
ZRH(ZB)-2007-L01-A04-000-000,电气专业,2020/12/11 0:00,北京五彩城,综合体,19,4,12,3
ZRH(ZB)-2007-L01-A04-000-01,消防专业,2020/7/21 0:00,宁波万象汇,综合体,126,12,84,30
ZRH(ZB)-2007-L01-A04-000-01,燃气专业,2020/7/21 0:00,宁波万象汇,综合体,12,2,8,2
ZRH(ZB)-2007-L01-A04-000-01,电梯专业,2020/7/21 0:00,宁波万象汇,综合体,52,12,29,11
ZRH(ZB)-2007-L01-A04-000-01,电气专业,2020/7/21 0:00,宁波万象汇,综合体,64,4,53,7
ZRH(ZB)-2007-L01-A04-000-016,消防专业,2020/12/4 0:00,杭州萧山万象汇,综合体,126,17,98,11
ZRH(ZB)-2007-L01-A04-000-016,燃气专业,2020/12/4 0:00,杭州萧山万象汇,综合体,4,1,3,0
ZRH(ZB)-2007-L01-A04-000-016,电气专业,2020/12/4 0:00,杭州萧山万象汇,综合体,33,3,25,5
ZRH(ZB)-2007-L01-A04-000-02,消防专业,2020/8/21 0:00,福州仓山万象里,综合体,89,24,53,12
ZRH(ZB)-2007-L01-A04-000-02,燃气专业,2020/8/21 0:00,福州仓山万象里,综合体,7,4,2,1
ZRH(ZB)-2007-L01-A04-000-03,消防专业,2020/8/21 0:00,扬州万象汇,综合体,138,32,94,12
ZRH(ZB)-2007-L01-A04-000-03,燃气专业,2020/8/21 0:00,扬州万象汇,综合体,3,1,2,0
ZRH(ZB)-2007-L01-A04-000-03,电气专业,2020/8/21 0:00,扬州万象汇,综合体,27,4,22,1
ZRH(ZB)-2007-L01-A04-000-04,消防专业,2020/8/28 0:00,桂林万象城,综合体,138,32,94,12
ZRH(ZB)-2007-L01-A04-000-04,电气专业,2020/8/28 0:00,桂林万象城,综合体,28,1,22,5
ZRH(ZB)-2007-L01-A04-000-05,消防专业,2020/8/29 0:00,济南万象城,综合体,73,18,51,4
ZRH(ZB)-2007-L01-A04-000-06,消防专业,2020/9/4 0:00,鞍山万象汇,综合体,85,22,55,8
ZRH(ZB)-2007-L01-A04-000-06,电气专业,2020/9/4 0:00,鞍山万象汇,综合体,26,5,16,5
ZRH(ZB)-2007-L01-A04-000-07,消防专业,2020/9/4 0:00,合肥君悦酒店,酒店,41,14,22,5
ZRH(ZB)-2007-L01-A04-000-08,消防专业,2020/9/25 0:00,合肥君悦酒店,酒店,95,16,56,23
ZRH(ZB)-2007-L01-A04-000-08,电气专业,2020/9/25 0:00,合肥君悦酒店,酒店,43,5,30,8
ZRH(ZB)-2007-L01-A04-000-09,消防专业,2020/9/11 0:00,重庆万象城,综合体,86,15,66,5
ZRH(ZB)-2007-L01-A04-000-09,燃气专业,2020/9/11 0:00,重庆万象城,综合体,11,3,8,0
ZRH(ZB)-2007-L01-A04-000-09,电气专业,2020/9/11 0:00,重庆万象城,综合体,17,1,14,2
ZRH(ZB)-2007-L01-A04-000-10,消防专业,2020/9/18 0:00,桂林万象城,综合体,47,4,28,15
ZRH(ZB)-2007-L01-A04-000-11,消防专业,2020/9/25 0:00,石家庄万象城,综合体,78,12,58,8
ZRH(ZB)-2007-L01-A04-000-11,电气专业,2020/9/25 0:00,石家庄万象城,综合体,29,4,22,3
ZRH(ZB)-2007-L01-A04-000-13,消防专业,2020/11/13 0:00,大连乐都汇,综合体,111,30,72,9
ZRH(ZB)-2007-L01-A04-000-14,消防专业,2020/11/13 0:00,上海静安体育中心,会展,74,13,50,11
ZRH(ZB)-2007-L01-A04-000-14,燃气专业,2020/11/13 0:00,上海静安体育中心,会展,2,0,2,0
ZRH(ZB)-2007-L01-A04-000-15,消防专业,2020/11/20 0:00,合肥欢乐颂,综合体,82,14,59,9
ZRH(ZB)-2007-L01-A04-000-15,燃气专业,2020/11/20 0:00,合肥欢乐颂,综合体,8,1,7,0
ZRH(ZB)-2007-L01-A04-000-17,消防专业,2020/11/27 0:00,上海万象城,综合体,62,16,41,5
ZRH(ZB)-2007-L01-A04-000-17,电气专业,2020/11/27 0:00,上海万象城,综合体,41,4,34,3
ZRH(ZB)-2007-L01-A04-008,消防专业,2020/9/11 0:00,合肥庐阳万象汇,综合体,27,7,17,3
ZRH(ZB)-2007-L01-B01-000-01,投控综合专用,2020/8/5 0:00,统建办公楼,NONE,13,3,9,1
ZRH(ZB)-2007-L01-B01-000-01,消防专业,2020/8/5 0:00,统建办公楼,NONE,31,1,28,2
ZRH(ZB)-2007-L01-B01-000-01,燃气专业,2020/8/5 0:00,统建办公楼,NONE,1,0,1,0
ZRH(ZB)-2007-L01-B01-000-01,电梯专业,2020/8/5 0:00,统建办公楼,NONE,9,3,5,1
ZRH(ZB)-2007-L01-B01-000-01,电气专业,2020/8/5 0:00,统建办公楼,NONE,110,20,71,19
ZRH(ZB)-2007-L01-B01-000-04,投控综合专用,2020/8/6 0:00,宝华大厦,写字楼,6,1,3,2
ZRH(ZB)-2007-L01-B01-000-04,消防专业,2020/8/6 0:00,宝华大厦,写字楼,30,8,20,2
ZRH(ZB)-2007-L01-B01-000-04,电梯专业,2020/8/6 0:00,宝华大厦,写字楼,72,25,40,7
ZRH(ZB)-2007-L01-B01-000-04,电气专业,2020/8/6 0:00,宝华大厦,写字楼,14,2,10,2
ZRH(ZB)-2007-L01-B01-000-08,投控综合专用,2020/8/7 0:00,绿化大厦,写字楼,11,3,5,3
ZRH(ZB)-2007-L01-B01-000-08,消防专业,2020/8/7 0:00,绿化大厦,写字楼,30,13,15,2
ZRH(ZB)-2007-L01-B01-000-08,燃气专业,2020/8/7 0:00,绿化大厦,写字楼,5,2,1,2
ZRH(ZB)-2007-L01-B01-000-08,电梯专业,2020/8/7 0:00,绿化大厦,写字楼,17,4,12,1
ZRH(ZB)-2007-L01-B01-000-08,电气专业,2020/8/7 0:00,绿化大厦,写字楼,22,4,17,1
ZRH(ZB)-2007-L01-B01-000-11,投控综合专用,2020/8/10 0:00,公汽公司单身公寓第7栋,长租公寓,1,0,1,0
ZRH(ZB)-2007-L01-B01-000-11,消防专业,2020/8/10 0:00,公汽公司单身公寓第7栋,长租公寓,13,4,8,1
ZRH(ZB)-2007-L01-B01-000-11,电梯专业,2020/8/10 0:00,公汽公司单身公寓第7栋,长租公寓,7,4,3,0
ZRH(ZB)-2007-L01-B01-000-11,电气专业,2020/8/10 0:00,公汽公司单身公寓第7栋,长租公寓,11,1,9,1
ZRH(ZB)-2007-L01-B01-000-12,投控综合专用,2020/8/11 0:00,深纺大厦,写字楼,25,9,14,2
ZRH(ZB)-2007-L01-B01-000-12,消防专业,2020/8/11 0:00,深纺大厦,写字楼,35,10,21,4
ZRH(ZB)-2007-L01-B01-000-12,电梯专业,2020/8/11 0:00,深纺大厦,写字楼,25,8,15,2
ZRH(ZB)-2007-L01-B01-000-12,电气专业,2020/8/11 0:00,深纺大厦,写字楼,17,2,12,3
ZRH(ZB)-2007-L01-B01-000-14,投控综合专用,2020/8/13 0:00,深房广场,NONE,20,7,12,1
ZRH(ZB)-2007-L01-B01-000-14,消防专业,2020/8/13 0:00,深房广场,NONE,85,25,57,3
ZRH(ZB)-2007-L01-B01-000-14,电梯专业,2020/8/13 0:00,深房广场,NONE,19,2,16,1
ZRH(ZB)-2007-L01-B01-000-14,电气专业,2020/8/13 0:00,深房广场,NONE,26,2,18,6
ZRH(ZB)-2007-L01-B01-000-18,投控综合专用,2020/8/17 0:00,腾飞工业大厦B座,NONE,10,4,5,1
ZRH(ZB)-2007-L01-B01-000-18,消防专业,2020/8/17 0:00,腾飞工业大厦B座,NONE,34,13,20,1
ZRH(ZB)-2007-L01-B01-000-18,电梯专业,2020/8/17 0:00,腾飞工业大厦B座,NONE,13,4,9,0
ZRH(ZB)-2007-L01-B01-000-18,电气专业,2020/8/17 0:00,腾飞工业大厦B座,NONE,21,3,15,3
ZRH(ZB)-2007-L01-B01-000-21,投控综合专用,2020/8/18 0:00,办公楼,写字楼,1,1,0,0
ZRH(ZB)-2007-L01-B01-000-21,消防专业,2020/8/18 0:00,办公楼,写字楼,29,7,21,1
ZRH(ZB)-2007-L01-B01-000-21,电梯专业,2020/8/18 0:00,办公楼,写字楼,10,1,8,1
ZRH(ZB)-2007-L01-B01-000-21,电气专业,2020/8/18 0:00,办公楼,写字楼,21,2,17,2
ZRH(ZB)-2007-L01-B01-000-24,投控综合专用,2020/9/1 0:00,深圳湾科技生态园,NONE,15,8,7,0
ZRH(ZB)-2007-L01-B01-000-24,消防专业,2020/9/1 0:00,深圳湾科技生态园,NONE,86,21,52,13
ZRH(ZB)-2007-L01-B01-000-24,电梯专业,2020/9/1 0:00,深圳湾科技生态园,NONE,44,11,29,4
ZRH(ZB)-2007-L01-B01-000-24,电气专业,2020/9/1 0:00,深圳湾科技生态园,NONE,30,6,16,8
ZRH(ZB)-2007-L01-B01-000-27,消防专业,2020/8/24 0:00,深圳会展中心,会展,41,9,25,7
ZRH(ZB)-2007-L01-B01-000-27,电梯专业,2020/8/24 0:00,深圳会展中心,会展,18,6,11,1
ZRH(ZB)-2007-L01-B01-000-27,电气专业,2020/8/24 0:00,深圳会展中心,会展,19,2,16,1
ZRH(ZB)-2007-L01-B01-000-28,消防专业,2020/9/8 0:00,体育中心运营管理有限公司,NONE,30,11,15,4
ZRH(ZB)-2007-L01-B01-000-28,电梯专业,2020/9/8 0:00,体育中心运营管理有限公司,NONE,9,2,6,1
ZRH(ZB)-2007-L01-B01-000-28,电气专业,2020/9/8 0:00,体育中心运营管理有限公司,NONE,20,2,12,6
ZRH(ZB)-2007-L01-B01-000-29,消防专业,2020/8/19 0:00,国际人才大厦,写字楼,33,6,20,7
ZRH(ZB)-2007-L01-B01-000-29,电梯专业,2020/8/19 0:00,国际人才大厦,写字楼,12,2,10,0
ZRH(ZB)-2007-L01-B01-000-29,电气专业,2020/8/19 0:00,国际人才大厦,写字楼,21,1,14,6
ZRH(ZB)-2007-L01-B01-000-32,消防专业,2020/8/20 0:00,航空大厦,写字楼,4,1,3,0
ZRH(ZB)-2007-L01-B01-000-32,电气专业,2020/8/20 0:00,航空大厦,写字楼,9,2,7,0
ZRH(ZB)-2007-L01-B01-000-33,消防专业,2020/8/27 0:00,五洲宾馆,NONE,19,6,10,3
ZRH(ZB)-2007-L01-B01-000-33,电梯专业,2020/8/27 0:00,五洲宾馆,NONE,20,6,12,2
ZRH(ZB)-2007-L01-B01-000-33,电气专业,2020/8/27 0:00,五洲宾馆,NONE,16,2,12,2
ZRH(ZB)-2007-L01-B01-000-37,投控综合专用,2020/8/25 0:00,迎宾馆,NONE,1,0,0,1
ZRH(ZB)-2007-L01-B01-000-37,消防专业,2020/8/25 0:00,迎宾馆,NONE,36,11,22,3
ZRH(ZB)-2007-L01-B01-000-37,电梯专业,2020/8/25 0:00,迎宾馆,NONE,18,3,13,2
ZRH(ZB)-2007-L01-B01-000-37,电气专业,2020/8/25 0:00,迎宾馆,NONE,19,4,10,5
ZRH(ZB)-2007-L01-B01-000-38,消防专业,2020/8/27 0:00,人民大厦,写字楼,33,8,22,3
ZRH(ZB)-2007-L01-B01-000-38,电梯专业,2020/8/27 0:00,人民大厦,写字楼,20,7,9,4
ZRH(ZB)-2007-L01-B01-000-38,电气专业,2020/8/27 0:00,人民大厦,写字楼,20,1,15,4
ZRH(ZB)-2007-L01-B01-000-39,消防专业,2020/8/31 0:00,投资大厦,写字楼,27,8,17,2
ZRH(ZB)-2007-L01-B01-000-39,电梯专业,2020/8/31 0:00,投资大厦,写字楼,17,4,12,1
ZRH(ZB)-2007-L01-B01-000-39,电气专业,2020/8/31 0:00,投资大厦,写字楼,18,3,13,2
ZRH(ZB)-2007-L01-B01-000-43,消防专业,2020/8/26 0:00,银湖会议中心,会展,16,6,9,1
ZRH(ZB)-2007-L01-B01-000-43,电梯专业,2020/8/26 0:00,银湖会议中心,会展,17,3,12,2
ZRH(ZB)-2007-L01-B01-000-43,电气专业,2020/8/26 0:00,银湖会议中心,会展,15,3,8,4
ZRH(ZB)-2007-L01-B01-000-47,消防专业,2020/9/7 0:00,同乐大厦,NONE,28,7,19,2
ZRH(ZB)-2007-L01-B01-000-47,电梯专业,2020/9/7 0:00,同乐大厦,NONE,27,6,16,5
ZRH(ZB)-2007-L01-B01-000-47,电气专业,2020/9/7 0:00,同乐大厦,NONE,17,1,12,4
ZRH(ZB)-2007-L01-B01-000-50,投控综合专用,2020/8/21 0:00,美荔园大厦,写字楼,2,0,1,1
ZRH(ZB)-2007-L01-B01-000-50,消防专业,2020/8/21 0:00,美荔园大厦,写字楼,23,7,14,2
ZRH(ZB)-2007-L01-B01-000-50,电梯专业,2020/8/21 0:00,美荔园大厦,写字楼,7,1,6,0
ZRH(ZB)-2007-L01-B01-000-50,电气专业,2020/8/21 0:00,美荔园大厦,写字楼,22,3,18,1
ZRH(ZB)-2007-L01-B01-000-53,消防专业,2020/9/9 0:00,城建滨江综合楼,NONE,25,8,14,3
ZRH(ZB)-2007-L01-B01-000-53,电梯专业,2020/9/9 0:00,城建滨江综合楼,NONE,10,6,4,0
ZRH(ZB)-2007-L01-B01-000-53,电气专业,2020/9/9 0:00,城建滨江综合楼,NONE,21,2,16,3
ZRH(ZB)-2007-L01-B01-000-61,消防专业,2020/10/13 0:00,外贸集团写字楼,写字楼,8,1,5,2
ZRH(ZB)-2007-L01-B01-000-61,电梯专业,2020/10/13 0:00,外贸集团写字楼,写字楼,29,11,14,4
ZRH(ZB)-2007-L01-B01-000-61,电气专业,2020/10/13 0:00,外贸集团写字楼,写字楼,204,21,166,17
ZRH(ZB)-2007-L01-B01-000-62,消防专业,2020/10/20 0:00,龙城工业区,园区,44,7,27,10
ZRH(ZB)-2007-L01-B01-000-62,电梯专业,2020/10/20 0:00,龙城工业区,园区,27,2,18,7
ZRH(ZB)-2007-L01-B01-000-62,电气专业,2020/10/20 0:00,龙城工业区,园区,20,2,16,2
ZRH(ZB)-2007-L01-B01-000-64,消防专业,2020/10/23 0:00,生物医药创新产业园,NONE,41,5,25,11
ZRH(ZB)-2007-L01-B01-000-64,电梯专业,2020/10/23 0:00,生物医药创新产业园,NONE,17,6,7,4
ZRH(ZB)-2007-L01-B01-000-64,电气专业,2020/10/23 0:00,生物医药创新产业园,NONE,18,5,8,5
ZRH(ZB)-2007-L01-B01-000-65,消防专业,2020/10/26 0:00,深圳深爱半导体股份有限公司,NONE,27,4,15,8
ZRH(ZB)-2007-L01-B01-000-65,电梯专业,2020/10/26 0:00,深圳深爱半导体股份有限公司,NONE,23,4,15,4
ZRH(ZB)-2007-L01-B01-000-65,电气专业,2020/10/26 0:00,深圳深爱半导体股份有限公司,NONE,12,0,11,1
ZRH(ZB)-2007-L01-B01-000-66,消防专业,2020/10/27 0:00,迎宾馆,NONE,29,3,21,5
ZRH(ZB)-2007-L01-B01-000-66,电梯专业,2020/10/27 0:00,迎宾馆,NONE,12,4,8,0
ZRH(ZB)-2007-L01-B01-000-66,电气专业,2020/10/27 0:00,迎宾馆,NONE,42,3,33,6
ZRH(ZB)-2007-L01-B01-000-67,消防专业,2020/10/28 0:00,银湖会议中心,会展,22,3,14,5
ZRH(ZB)-2007-L01-B01-000-67,电梯专业,2020/10/28 0:00,银湖会议中心,会展,12,3,8,1
ZRH(ZB)-2007-L01-B01-000-67,电气专业,2020/10/28 0:00,银湖会议中心,会展,9,1,6,2
ZRH(ZB)-2007-L01-B01-000-68,消防专业,2020/10/29 0:00,金城大厦,写字楼,29,2,23,4
ZRH(ZB)-2007-L01-B01-000-68,电梯专业,2020/10/29 0:00,金城大厦,写字楼,17,3,13,1
ZRH(ZB)-2007-L01-B01-000-68,电气专业,2020/10/29 0:00,金城大厦,写字楼,160,20,117,23
ZRH(ZB)-2007-L01-B01-000-69,消防专业,2020/10/30 0:00,深投环保工业园,园区,24,0,19,5
ZRH(ZB)-2007-L01-B01-000-69,电梯专业,2020/10/30 0:00,深投环保工业园,园区,16,7,8,1
ZRH(ZB)-2007-L01-B01-000-69,电气专业,2020/10/30 0:00,深投环保工业园,园区,16,3,11,2
ZRH(ZB)-2007-L01-B01-000-70,消防专业,2020/11/3 0:00,深圳市软件产业基地,NONE,49,8,35,6
ZRH(ZB)-2007-L01-B01-000-70,电梯专业,2020/11/3 0:00,深圳市软件产业基地,NONE,24,5,17,2
ZRH(ZB)-2007-L01-B01-000-70,电气专业,2020/11/3 0:00,深圳市软件产业基地,NONE,21,7,12,2
ZRH(ZB)-2007-L01-B01-000-71,消防专业,2020/11/4 0:00,经理大厦,写字楼,27,3,19,5
ZRH(ZB)-2007-L01-B01-000-71,电梯专业,2020/11/4 0:00,经理大厦,写字楼,22,7,11,4
ZRH(ZB)-2007-L01-B01-000-71,电气专业,2020/11/4 0:00,经理大厦,写字楼,28,6,20,2
ZRH(ZB)-2007-L01-B01-000-72,消防专业,2020/11/5 0:00,万怡酒店,酒店,38,10,21,7
ZRH(ZB)-2007-L01-B01-000-72,电梯专业,2020/11/5 0:00,万怡酒店,酒店,26,9,16,1
ZRH(ZB)-2007-L01-B01-000-72,电气专业,2020/11/5 0:00,万怡酒店,酒店,25,3,19,3
ZRH(ZB)-2007-L01-B01-000-73,消防专业,2020/11/6 0:00,福田皇城广场,NONE,67,8,46,13
ZRH(ZB)-2007-L01-B01-000-73,电梯专业,2020/11/6 0:00,福田皇城广场,NONE,18,4,14,0
ZRH(ZB)-2007-L01-B01-000-73,电气专业,2020/11/6 0:00,福田皇城广场,NONE,18,5,12,1
ZRH(ZB)-2007-L01-B01-000-74,消防专业,2020/11/9 0:00,外贸集团大厦,写字楼,27,4,20,3
ZRH(ZB)-2007-L01-B01-000-74,电梯专业,2020/11/9 0:00,外贸集团大厦,写字楼,17,3,12,2
ZRH(ZB)-2007-L01-B01-000-74,电气专业,2020/11/9 0:00,外贸集团大厦,写字楼,8,3,4,1
ZRH(ZB)-2007-L01-B01-000-75,消防专业,2020/11/10 0:00,赛格办公楼,写字楼,14,4,9,1
ZRH(ZB)-2007-L01-B01-000-75,电气专业,2020/11/10 0:00,赛格办公楼,写字楼,26,5,19,2
ZRH(ZB)-2007-L01-B01-000-76,消防专业,2020/11/11 0:00,深圳会展中心,会展,24,3,19,2
ZRH(ZB)-2007-L01-B01-000-76,电梯专业,2020/11/11 0:00,深圳会展中心,会展,17,2,14,1
ZRH(ZB)-2007-L01-B01-000-76,电气专业,2020/11/11 0:00,深圳会展中心,会展,14,3,8,3
ZRH(ZB)-2007-L01-B01-000-77,消防专业,2020/11/12 0:00,深圳市体育中心运营管理有限公司,NONE,31,4,21,6
ZRH(ZB)-2007-L01-B01-000-77,电气专业,2020/11/12 0:00,深圳市体育中心运营管理有限公司,NONE,11,2,7,2
ZRH(ZB)-2007-L01-B01-000-78,电气专业,2020/11/13 0:00,金领假日公寓A、C座,NONE,78,16,57,5
ZRH(ZB)-2007-L01-B01-000-79,消防专业,2020/11/13 0:00,金光华广场,综合体,35,12,18,5
ZRH(ZB)-2007-L01-B01-000-79,电梯专业,2020/11/13 0:00,金光华广场,综合体,27,10,12,5
ZRH(ZB)-2007-L01-B01-000-79,电气专业,2020/11/13 0:00,金光华广场,综合体,28,5,19,4
ZRH(ZB)-2007-L01-B01-000-80,消防专业,2020/11/16 0:00,时代科技大夏,写字楼,10,1,9,0
ZRH(ZB)-2007-L01-B01-000-80,电气专业,2020/11/16 0:00,时代科技大夏,写字楼,135,15,102,18
ZRH(ZB)-2007-L01-B01-000-81,消防专业,2020/11/16 0:00,兰科植物保护研究中心,NONE,12,2,8,2
ZRH(ZB)-2007-L01-B01-000-81,电气专业,2020/11/16 0:00,兰科植物保护研究中心,NONE,11,0,9,2
ZRH(ZB)-2007-L01-B01-000-82,消防专业,2020/11/18 0:00,深圳华晶玻璃瓶有限公司,NONE,24,5,19,0
ZRH(ZB)-2007-L01-B01-000-82,电梯专业,2020/11/18 0:00,深圳华晶玻璃瓶有限公司,NONE,16,3,11,2
ZRH(ZB)-2007-L01-B01-000-82,电气专业,2020/11/18 0:00,深圳华晶玻璃瓶有限公司,NONE,13,3,8,2
ZRH(ZB)-2007-L01-B01-000-83,消防专业,2020/12/1 0:00,21区,NONE,54,9,43,2
ZRH(ZB)-2007-L01-B01-000-83,电梯专业,2020/12/1 0:00,21区,NONE,22,6,14,2
ZRH(ZB)-2007-L01-B01-000-83,电气专业,2020/12/1 0:00,21区,NONE,22,7,15,0
ZRH(ZB)-2007-L01-B01-000-84,消防专业,2020/12/1 0:00,宝利宿舍楼,长租公寓,11,2,8,1
ZRH(ZB)-2007-L01-B01-000-84,电梯专业,2020/12/1 0:00,宝利宿舍楼,长租公寓,18,4,12,2
ZRH(ZB)-2007-L01-B01-000-84,电气专业,2020/12/1 0:00,宝利宿舍楼,长租公寓,22,3,15,4
ZRH(ZB)-2007-L01-B01-000-85,消防专业,2020/12/2 0:00,同路工业区,园区,16,2,11,3
ZRH(ZB)-2007-L01-B01-000-85,电梯专业,2020/12/2 0:00,同路工业区,园区,24,5,17,2
ZRH(ZB)-2007-L01-B01-000-85,电气专业,2020/12/2 0:00,同路工业区,园区,26,4,19,3
ZRH(ZB)-2007-L01-B01-000-86,消防专业,2020/12/3 0:00,美林综合楼、一号厂房,NONE,29,8,20,1
ZRH(ZB)-2007-L01-B01-000-86,电梯专业,2020/12/3 0:00,美林综合楼、一号厂房,NONE,8,1,7,0
ZRH(ZB)-2007-L01-B01-000-86,电气专业,2020/12/3 0:00,美林综合楼、一号厂房,NONE,18,6,9,3
ZRH(ZB)-2007-L01-B01-000-87,消防专业,2020/12/4 0:00,国际贸易中心,写字楼,37,8,24,5
ZRH(ZB)-2007-L01-B01-000-87,电梯专业,2020/12/4 0:00,国际贸易中心,写字楼,21,7,10,4
ZRH(ZB)-2007-L01-B01-000-87,电气专业,2020/12/4 0:00,国际贸易中心,写字楼,26,3,20,3
ZRH(ZB)-2007-L01-B01-000-88,消防专业,2020/12/7 0:00,深圳土地房产交易大厦,NONE,12,2,6,4
ZRH(ZB)-2007-L01-B01-000-89,消防专业,2020/12/9 0:00,康乐、赛格工业大厦,NONE,29,6,21,2
ZRH(ZB)-2007-L01-B01-000-89,电梯专业,2020/12/9 0:00,康乐、赛格工业大厦,NONE,56,12,37,7
ZRH(ZB)-2007-L01-B01-000-89,电气专业,2020/12/9 0:00,康乐、赛格工业大厦,NONE,85,13,58,14
ZRH(ZB)-2007-L01-B02-000-009,消防专业,2020/10/11 0:00,南京欢乐谷,景区,101,24,59,18
ZRH(ZB)-2007-L01-B02-000-009,电气专业,2020/10/11 0:00,南京欢乐谷,景区,38,5,27,6
ZRH(ZB)-2007-L01-B02-000-01,旅游景区,2020/8/18 0:00,深圳欢乐谷,景区,22,8,13,1
ZRH(ZB)-2007-L01-B02-000-01,消防专业,2020/8/18 0:00,深圳欢乐谷,景区,45,8,23,14
ZRH(ZB)-2007-L01-B02-000-01,电气专业,2020/8/18 0:00,深圳欢乐谷,景区,35,5,28,2
ZRH(ZB)-2007-L01-B02-000-02,旅游景区,2020/8/11 0:00,北京欢乐谷,景区,30,7,18,5
ZRH(ZB)-2007-L01-B02-000-02,消防专业,2020/8/11 0:00,北京欢乐谷,景区,38,4,17,17
ZRH(ZB)-2007-L01-B02-000-02,电气专业,2020/8/11 0:00,北京欢乐谷,景区,29,3,20,6
ZRH(ZB)-2007-L01-B02-000-03,旅游景区,2020/8/23 0:00,成都欢乐谷,景区,16,2,13,1
ZRH(ZB)-2007-L01-B02-000-03,消防专业,2020/8/23 0:00,成都欢乐谷,景区,52,2,34,16
ZRH(ZB)-2007-L01-B02-000-03,电气专业,2020/8/23 0:00,成都欢乐谷,景区,28,7,14,7
ZRH(ZB)-2007-L01-B02-000-04,旅游景区,2020/8/21 0:00,上海欢乐谷,景区,16,2,13,1
ZRH(ZB)-2007-L01-B02-000-04,消防专业,2020/8/21 0:00,上海欢乐谷,景区,8,2,6,0
ZRH(ZB)-2007-L01-B02-000-04,电气专业,2020/8/21 0:00,上海欢乐谷,景区,29,5,20,4
ZRH(ZB)-2007-L01-B02-000-05,消防专业,2020/8/11 0:00,武汉欢乐谷,景区,56,11,36,9
ZRH(ZB)-2007-L01-B02-000-05,电气专业,2020/8/11 0:00,武汉欢乐谷,景区,48,6,34,8
ZRH(ZB)-2007-L01-B02-000-06,旅游景区,2020/8/26 0:00,天津欢乐谷,景区,28,8,18,2
ZRH(ZB)-2007-L01-B02-000-06,消防专业,2020/8/26 0:00,天津欢乐谷,景区,48,3,32,13
ZRH(ZB)-2007-L01-B02-000-06,电气专业,2020/8/26 0:00,天津欢乐谷,景区,31,4,20,7
ZRH(ZB)-2007-L01-B02-000-07,旅游景区,2020/8/21 0:00,重庆欢乐谷,景区,27,9,11,7
ZRH(ZB)-2007-L01-B02-000-07,消防专业,2020/8/21 0:00,重庆欢乐谷,景区,43,3,31,9
ZRH(ZB)-2007-L01-B02-000-07,电气专业,2020/8/21 0:00,重庆欢乐谷,景区,22,3,15,4
ZRH(ZB)-2007-L01-B02-000-08,旅游景区,2020/8/19 0:00,南京欢乐谷,景区,27,5,21,1
ZRH(ZB)-2007-L01-B02-000-08,消防专业,2020/8/19 0:00,南京欢乐谷,景区,17,2,10,5
ZRH(ZB)-2007-L01-B02-000-08,电气专业,2020/8/19 0:00,南京欢乐谷,景区,32,8,18,6
ZRH(ZB)-2007-L01-B05-000-001,暖通专业,2020/7/29 0:00,稻香湖国际学校,学校,40,10,25,5
ZRH(ZB)-2007-L01-B05-000-001,消防专业,2020/7/29 0:00,稻香湖国际学校,学校,89,26,41,22
ZRH(ZB)-2007-L01-B05-000-001,电梯专业,2020/7/29 0:00,稻香湖国际学校,学校,40,11,21,8
ZRH(ZB)-2007-L01-B05-000-001,电气专业,2020/7/29 0:00,稻香湖国际学校,学校,85,18,55,12
ZRH(ZB)-2007-L01-B10-000-001-01,消防专业,2020/9/1 0:00,嘉轩嘉寓酒店、机场凯悦酒店,机场,10,2,6,2
ZRH(ZB)-2007-L01-B10-000-001-01,电梯专业,2020/9/1 0:00,嘉轩嘉寓酒店、机场凯悦酒店,机场,12,1,10,1
ZRH(ZB)-2007-L01-B10-000-001-01,电气专业,2020/9/1 0:00,嘉轩嘉寓酒店、机场凯悦酒店,机场,18,4,13,1
ZRH(ZB)-2007-L01-B10-000-001-05,消防专业,2020/9/4 0:00,经营管理部,机场,44,4,30,10
ZRH(ZB)-2007-L01-B10-000-001-05,电梯专业,2020/9/4 0:00,经营管理部,机场,18,8,9,1
ZRH(ZB)-2007-L01-B10-000-001-05,电气专业,2020/9/4 0:00,经营管理部,机场,16,2,13,1
ZRH(ZB)-2007-L01-B10-000-001-06,消防专业,2020/9/2 0:00,航城里商业、T3商务楼ABCD栋,机场,35,6,20,9
ZRH(ZB)-2007-L01-B10-000-001-06,电梯专业,2020/9/2 0:00,航城里商业、T3商务楼ABCD栋,机场,11,3,7,1
ZRH(ZB)-2007-L01-B10-000-001-06,电气专业,2020/9/2 0:00,航城里商业、T3商务楼ABCD栋,机场,11,2,7,2
ZRH(ZB)-2007-L01-B10-000-001-07,消防专业,2020/9/7 0:00,物业公司,机场,36,4,22,10
ZRH(ZB)-2007-L01-B10-000-001-07,电梯专业,2020/9/7 0:00,物业公司,机场,17,6,10,1
ZRH(ZB)-2007-L01-B10-000-001-07,电气专业,2020/9/7 0:00,物业公司,机场,25,6,17,2
ZRH(ZB)-2007-L01-B10-000-001-08,消防专业,2020/9/8 0:00,动力分公司,机场,13,2,10,1
ZRH(ZB)-2007-L01-B10-000-001-08,电梯专业,2020/9/8 0:00,动力分公司,机场,1,1,0,0
ZRH(ZB)-2007-L01-B10-000-001-08,电气专业,2020/9/8 0:00,动力分公司,机场,23,2,15,6
ZRH(ZB)-2007-L01-B10-000-001-09,消防专业,2020/9/9 0:00,港务公司,机场,16,3,12,1
ZRH(ZB)-2007-L01-B10-000-001-09,电梯专业,2020/9/9 0:00,港务公司,机场,3,1,2,0
ZRH(ZB)-2007-L01-B10-000-001-09,电气专业,2020/9/9 0:00,港务公司,机场,15,1,10,4
ZRH(ZB)-2007-L01-B10-000-001-10,消防专业,2020/9/10 0:00,交通运营中心,机场,33,3,23,7
ZRH(ZB)-2007-L01-B10-000-001-10,电梯专业,2020/9/10 0:00,交通运营中心,机场,2,0,2,0
ZRH(ZB)-2007-L01-B10-000-001-10,电气专业,2020/9/10 0:00,交通运营中心,机场,12,1,8,3
ZRH(ZB)-2007-L01-B10-000-001-11,消防专业,2020/9/11 0:00,商务公司,机场,19,5,13,1
ZRH(ZB)-2007-L01-B10-000-001-11,电梯专业,2020/9/11 0:00,商务公司,机场,3,1,2,0
ZRH(ZB)-2007-L01-B10-000-001-11,电气专业,2020/9/11 0:00,商务公司,机场,13,1,11,1
ZRH(ZB)-2007-L01-B10-000-001-12,消防专业,2020/9/15 0:00,航空物流事业部,机场,28,4,21,3
ZRH(ZB)-2007-L01-B10-000-001-12,电梯专业,2020/9/15 0:00,航空物流事业部,机场,4,1,3,0
ZRH(ZB)-2007-L01-B10-000-001-12,电气专业,2020/9/15 0:00,航空物流事业部,机场,18,2,14,2
ZRH(ZB)-2007-L01-B10-000-001-13,消防专业,2020/9/16 0:00,公共区管理部,机场,4,0,4,0
ZRH(ZB)-2007-L01-B10-000-001-13,电梯专业,2020/9/16 0:00,公共区管理部,机场,1,1,0,0
ZRH(ZB)-2007-L01-B10-000-001-13,电气专业,2020/9/16 0:00,公共区管理部,机场,9,1,7,1
ZRH(ZB)-2008-L01-A01-000-01,电梯专业,2020/8/18 0:00,淄博乐都汇,综合体,2,0,2,0
ZRH(ZB)-2008-L01-A01-000-02,消防专业,2020/8/18 0:00,淄博喜来登酒店,酒店,30,5,20,5
ZRH(ZB)-2008-L01-A01-000-02,电梯专业,2020/8/18 0:00,淄博喜来登酒店,酒店,12,5,6,1
ZRH(ZB)-2008-L01-A01-000-02,电气专业,2020/8/18 0:00,淄博喜来登酒店,酒店,32,3,22,7
ZRH(ZB)-2008-L01-A01-000-02-02,消防专业,2020/12/8 0:00,淄博喜来登酒店,酒店,26,5,16,5
ZRH(ZB)-2008-L01-A01-000-02-02,电梯专业,2020/12/8 0:00,淄博喜来登酒店,酒店,14,4,10,0
ZRH(ZB)-2008-L01-A01-000-02-02,电气专业,2020/12/8 0:00,淄博喜来登酒店,酒店,25,4,20,1
ZRH(ZB)-2008-L01-A01-000-02-03,消防专业,2020/12/10 0:00,秦皇岛乐都汇,综合体,42,6,29,7
ZRH(ZB)-2008-L01-A01-000-02-03,电梯专业,2020/12/10 0:00,秦皇岛乐都汇,综合体,23,6,16,1
ZRH(ZB)-2008-L01-A01-000-02-03,电气专业,2020/12/10 0:00,秦皇岛乐都汇,综合体,24,6,17,1
ZRH(ZB)-2008-L01-A01-000-03,消防专业,2020/8/21 0:00,有巢公馆天津滨江道店,长租公寓,15,3,10,2
ZRH(ZB)-2008-L01-A01-000-03,电梯专业,2020/8/21 0:00,有巢公馆天津滨江道店,长租公寓,10,5,3,2
ZRH(ZB)-2008-L01-A01-000-03,电气专业,2020/8/21 0:00,有巢公馆天津滨江道店,长租公寓,16,0,14,2
ZRH(ZB)-2008-L01-A01-000-04,消防专业,2020/8/24 0:00,有巢公馆北京三元桥店,长租公寓,15,2,13,0
ZRH(ZB)-2008-L01-A01-000-04,电梯专业,2020/8/24 0:00,有巢公馆北京三元桥店,长租公寓,11,3,7,1
ZRH(ZB)-2008-L01-A01-000-04,电气专业,2020/8/24 0:00,有巢公馆北京三元桥店,长租公寓,16,2,13,1
ZRH(ZB)-2008-L01-A01-000-05,消防专业,2020/8/26 0:00,北京凤凰置地广场,写字楼,14,2,11,1
ZRH(ZB)-2008-L01-A01-000-05,电梯专业,2020/8/26 0:00,北京凤凰置地广场,写字楼,10,5,3,2
ZRH(ZB)-2008-L01-A01-000-05,电气专业,2020/8/26 0:00,北京凤凰置地广场,写字楼,11,2,9,0
ZRH(ZB)-2008-L01-A01-000-06,消防专业,2020/8/28 0:00,北京华润大厦,写字楼,28,6,22,0
ZRH(ZB)-2008-L01-A01-000-06,电梯专业,2020/8/28 0:00,北京华润大厦,写字楼,17,2,14,1
ZRH(ZB)-2008-L01-A01-000-06,电气专业,2020/8/28 0:00,北京华润大厦,写字楼,16,3,12,1
ZRH(ZB)-2008-L01-A01-000-07,消防专业,2020/9/1 0:00,北京冠华冠英大厦,写字楼,20,7,13,0
ZRH(ZB)-2008-L01-A01-000-07,电梯专业,2020/9/1 0:00,北京冠华冠英大厦,写字楼,5,2,2,1
ZRH(ZB)-2008-L01-A01-000-07,电气专业,2020/9/1 0:00,北京冠华冠英大厦,写字楼,12,3,8,1
ZRH(ZB)-2008-L01-A01-000-07-02,消防专业,2020/12/14 0:00,北京冠华冠英大厦,写字楼,11,5,4,2
ZRH(ZB)-2008-L01-A01-000-07-02,电梯专业,2020/12/14 0:00,北京冠华冠英大厦,写字楼,5,1,4,0
ZRH(ZB)-2008-L01-A01-000-07-02,电气专业,2020/12/14 0:00,北京冠华冠英大厦,写字楼,53,16,28,9
ZRH(ZB)-2008-L01-A01-000-08,消防专业,2020/9/3 0:00,北京大兴瀛海康养,康养,58,11,36,11
ZRH(ZB)-2008-L01-A01-000-08,电梯专业,2020/9/3 0:00,北京大兴瀛海康养,康养,32,10,14,8
ZRH(ZB)-2008-L01-A01-000-08,电气专业,2020/9/3 0:00,北京大兴瀛海康养,康养,41,6,27,8
ZRH(ZB)-2008-L01-A01-000-09,消防专业,2020/9/4 0:00,北京有巢公馆五福堂店,长租公寓,13,2,9,2
ZRH(ZB)-2008-L01-A01-000-09,电梯专业,2020/9/4 0:00,北京有巢公馆五福堂店,长租公寓,15,4,8,3
ZRH(ZB)-2008-L01-A01-000-09,电气专业,2020/9/4 0:00,北京有巢公馆五福堂店,长租公寓,11,2,9,0
ZRH(ZB)-2008-L01-A01-000-10,消防专业,2020/9/7 0:00,北京有巢公馆亦庄文化园店,长租公寓,25,5,20,0
ZRH(ZB)-2008-L01-A01-000-10,电梯专业,2020/9/7 0:00,北京有巢公馆亦庄文化园店,长租公寓,13,4,8,1
ZRH(ZB)-2008-L01-A01-000-10,电气专业,2020/9/7 0:00,北京有巢公馆亦庄文化园店,长租公寓,20,3,16,1
ZRH(ZB)-2008-L01-A01-000-11,消防专业,2020/9/8 0:00,北京悦年华颐养中心,康养,6,2,4,0
ZRH(ZB)-2008-L01-A01-000-11,电气专业,2020/9/8 0:00,北京悦年华颐养中心,康养,1,0,1,0
ZRH(ZB)-2008-L01-A01-000-21,消防专业,2020/10/16 0:00,日照万象汇,综合体,47,10,34,3
ZRH(ZB)-2008-L01-A01-000-21,电梯专业,2020/10/16 0:00,日照万象汇,综合体,21,6,13,2
ZRH(ZB)-2008-L01-A01-000-21,电气专业,2020/10/16 0:00,日照万象汇,综合体,34,5,28,1
ZRH(ZB)-2008-L01-A01-000-22,消防专业,2020/11/20 0:00,青岛万象城,综合体,68,17,45,6
ZRH(ZB)-2008-L01-A01-000-22,电梯专业,2020/11/20 0:00,青岛万象城,综合体,27,5,22,0
ZRH(ZB)-2008-L01-A01-000-22,电气专业,2020/11/20 0:00,青岛万象城,综合体,14,1,10,3
ZRH(ZB)-2008-L01-A01-000-23,消防专业,2020/11/27 0:00,淄博万象汇,综合体,60,15,42,3
ZRH(ZB)-2008-L01-A01-000-23,电梯专业,2020/11/27 0:00,淄博万象汇,综合体,31,8,19,4
ZRH(ZB)-2008-L01-A01-000-23,电气专业,2020/11/27 0:00,淄博万象汇,综合体,9,1,8,0
ZRH(ZB)-2008-L01-A01-000-24,消防专业,2020/10/22 0:00,郑州万象城,综合体,83,15,61,7
ZRH(ZB)-2008-L01-A01-000-24,电梯专业,2020/10/22 0:00,郑州万象城,综合体,33,9,22,2
ZRH(ZB)-2008-L01-A01-000-24,电气专业,2020/10/22 0:00,郑州万象城,综合体,39,3,29,7
ZRH(ZB)-2008-L01-A01-000-25,消防专业,2020/11/13 0:00,青岛城阳万象汇,综合体,83,19,53,11
ZRH(ZB)-2008-L01-A01-000-25,电梯专业,2020/11/13 0:00,青岛城阳万象汇,综合体,18,4,13,1
ZRH(ZB)-2008-L01-A01-000-25,电气专业,2020/11/13 0:00,青岛城阳万象汇,综合体,34,2,29,3
ZRH(ZB)-2008-L01-A01-000-26,消防专业,2020/12/11 0:00,济南万象城,综合体,70,19,48,3
ZRH(ZB)-2008-L01-A01-000-26,电梯专业,2020/12/11 0:00,济南万象城,综合体,26,8,14,4
ZRH(ZB)-2008-L01-A01-000-26,电气专业,2020/12/11 0:00,济南万象城,综合体,22,3,17,2
ZRH(ZB)-2008-L01-A01-000-27,消防专业,2020/12/18 0:00,天津万象城,综合体,1,0,1,0
ZRH(ZB)-2008-L01-A01-000-28,消防专业,2020/12/25 0:00,太原万象城,综合体,163,30,105,28
ZRH(ZB)-2008-L01-A01-000-28,电梯专业,2020/12/25 0:00,太原万象城,综合体,30,7,21,2
ZRH(ZB)-2008-L01-A01-000-28,电气专业,2020/12/25 0:00,太原万象城,综合体,19,1,14,4
ZRH(ZB)-2008-L01-A01-000-29,消防专业,2020/12/4 0:00,临沂万象汇,综合体,154,25,103,26
ZRH(ZB)-2008-L01-A01-000-29,电梯专业,2020/12/4 0:00,临沂万象汇,综合体,24,3,20,1
ZRH(ZB)-2008-L01-A01-000-29,电气专业,2020/12/4 0:00,临沂万象汇,综合体,21,2,15,4
ZRH(ZB)-2008-L01-A01-000-41,消防专业,2020/10/14 0:00,哈尔滨万象汇,综合体,104,15,72,17
ZRH(ZB)-2008-L01-A01-000-41,电梯专业,2020/10/14 0:00,哈尔滨万象汇,综合体,30,5,18,7
ZRH(ZB)-2008-L01-A01-000-41,电气专业,2020/10/14 0:00,哈尔滨万象汇,综合体,21,4,16,1
ZRH(ZB)-2008-L01-A01-000-42,消防专业,2020/10/19 0:00,沈阳铁西万象汇,综合体,73,17,54,2
ZRH(ZB)-2008-L01-A01-000-42,电梯专业,2020/10/19 0:00,沈阳铁西万象汇,综合体,19,4,15,0
ZRH(ZB)-2008-L01-A01-000-42,电气专业,2020/10/19 0:00,沈阳铁西万象汇,综合体,20,4,15,1
ZRH(ZB)-2008-L01-A01-000-43,消防专业,2020/10/22 0:00,沈阳万象城,综合体,65,16,47,2
ZRH(ZB)-2008-L01-A01-000-43,电梯专业,2020/10/22 0:00,沈阳万象城,综合体,17,1,14,2
ZRH(ZB)-2008-L01-A01-000-43,电气专业,2020/10/22 0:00,沈阳万象城,综合体,24,3,19,2
ZRH(ZB)-2008-L01-A01-000-51,幕墙专业,2020/11/15 0:00,沈阳长白万象汇,综合体,11,0,11,0
ZRH(ZB)-2008-L01-A01-000-51,消防专业,2020/11/15 0:00,沈阳长白万象汇,综合体,181,30,120,31
ZRH(ZB)-2008-L01-A01-000-51,燃气专业,2020/11/15 0:00,沈阳长白万象汇,综合体,9,0,5,4
ZRH(ZB)-2008-L01-A01-000-51,电梯专业,2020/11/15 0:00,沈阳长白万象汇,综合体,40,13,18,9
ZRH(ZB)-2008-L01-A01-000-51,装修专业,2020/11/15 0:00,沈阳长白万象汇,综合体,19,13,6,0
ZRH(ZB)-2008-L01-A01-000-52,消防专业,2020/11/19 0:00,鞍山万象汇,综合体,90,16,72,2
ZRH(ZB)-2008-L01-A01-000-52,电梯专业,2020/11/19 0:00,鞍山万象汇,综合体,32,8,19,5
ZRH(ZB)-2008-L01-A01-000-60,消防专业,2020/11/27 0:00,北京密云万象汇,综合体,68,12,51,5
ZRH(ZB)-2008-L01-A01-000-60,燃气专业,2020/11/27 0:00,北京密云万象汇,综合体,14,2,10,2
ZRH(ZB)-2008-L01-A01-000-60,电梯专业,2020/11/27 0:00,北京密云万象汇,综合体,28,9,16,3
ZRH(ZB)-2008-L01-A01-000-60,电气专业,2020/11/27 0:00,北京密云万象汇,综合体,28,3,23,2
ZRH(ZB)-2008-L01-A01-000-61,消防专业,2020/12/2 0:00,京通PLUS365,综合体,60,18,39,3
ZRH(ZB)-2008-L01-A01-000-61,燃气专业,2020/12/2 0:00,京通PLUS365,综合体,4,1,3,0
ZRH(ZB)-2008-L01-A01-000-61,电梯专业,2020/12/2 0:00,京通PLUS365,综合体,15,4,9,2
ZRH(ZB)-2008-L01-A01-000-61,电气专业,2020/12/2 0:00,京通PLUS365,综合体,15,6,9,0
ZRH(ZB)-2008-L01-A01-000-62,消防专业,2020/12/5 0:00,北京门头沟PLUS365,综合体,50,15,29,6
ZRH(ZB)-2008-L01-A01-000-62,燃气专业,2020/12/5 0:00,北京门头沟PLUS365,综合体,6,1,5,0
ZRH(ZB)-2008-L01-A01-000-62,电梯专业,2020/12/5 0:00,北京门头沟PLUS365,综合体,21,6,12,3
ZRH(ZB)-2008-L01-A01-000-62,电气专业,2020/12/5 0:00,北京门头沟PLUS365,综合体,18,2,15,1
ZRH(ZB)-2008-L01-A01-000-63,消防专业,2020/12/11 0:00,石家庄万象城,综合体,108,20,69,19
ZRH(ZB)-2008-L01-A01-000-63,燃气专业,2020/12/11 0:00,石家庄万象城,综合体,29,7,20,2
ZRH(ZB)-2008-L01-A01-000-63,电梯专业,2020/12/11 0:00,石家庄万象城,综合体,29,8,20,1
ZRH(ZB)-2008-L01-A01-000-63,电气专业,2020/12/11 0:00,石家庄万象城,综合体,35,4,24,7
ZRH(ZB)-2008-L01-A01-000-65,消防专业,2020/12/16 0:00,北京凤凰汇,综合体,60,14,41,5
ZRH(ZB)-2008-L01-A01-000-65,燃气专业,2020/12/16 0:00,北京凤凰汇,综合体,17,2,13,2
ZRH(ZB)-2008-L01-A01-000-65,电梯专业,2020/12/16 0:00,北京凤凰汇,综合体,36,11,17,8
ZRH(ZB)-2008-L01-A01-000-65,电气专业,2020/12/16 0:00,北京凤凰汇,综合体,24,4,16,4
ZRH(ZB)-2008-L01-A01-000-66,消防专业,2020/12/17 0:00,北京优士阁,写字楼,20,4,16,0
ZRH(ZB)-2008-L01-A01-000-66,燃气专业,2020/12/17 0:00,北京优士阁,写字楼,6,2,4,0
ZRH(ZB)-2008-L01-A01-000-66,电气专业,2020/12/17 0:00,北京优士阁,写字楼,13,3,9,1
ZRH(ZB)-2008-L01-A01-000-67,消防专业,2020/12/18 0:00,北京置地星座,写字楼,17,2,13,2
ZRH(ZB)-2008-L01-A01-000-67,燃气专业,2020/12/18 0:00,北京置地星座,写字楼,4,1,2,1
ZRH(ZB)-2008-L01-A01-000-67,电气专业,2020/12/18 0:00,北京置地星座,写字楼,10,1,6,3
ZRH(ZB)-2008-L01-A01-000-68,消防专业,2020/12/3 0:00,北京五彩城,综合体,154,19,127,8
ZRH(ZB)-2008-L01-A01-000-68,电气专业,2020/12/3 0:00,北京五彩城,综合体,34,10,21,3
ZRH(ZB)-2008-L01-A01-000-69,消防专业,2020/12/6 0:00,天津万象城,综合体,98,13,62,23
ZRH(ZB)-2008-L01-A01-000-69,电梯专业,2020/12/6 0:00,天津万象城,综合体,32,6,22,4
ZRH(ZB)-2008-L01-A01-000-69,电气专业,2020/12/6 0:00,天津万象城,综合体,39,21,17,1
ZRH(ZB)-2008-L01-B01-000-001,消防专业,2020/8/18 0:00,佛山悦里公馆,住宅,41,5,22,14
ZRH(ZB)-2008-L01-B01-000-001,电梯专业,2020/8/18 0:00,佛山悦里公馆,住宅,21,5,10,6
ZRH(ZB)-2008-L01-B01-000-001,电气专业,2020/8/18 0:00,佛山悦里公馆,住宅,44,7,34,3
ZRH(ZB)-2011-A01-000-020,消防专业,2020/11/11 0:00,深圳布吉万象汇,综合体,66,17,45,4
ZRH(ZB)-2011-A01-000-020,燃气专业,2020/11/11 0:00,深圳布吉万象汇,综合体,9,1,7,1
ZRH(ZB)-2011-A01-000-020,电气专业,2020/11/11 0:00,深圳布吉万象汇,综合体,27,6,20,1
ZRH(ZB)-2011-A01-000-021,消防专业,2020/11/13 0:00,深圳南山欢乐颂,综合体,56,15,35,6
ZRH(ZB)-2011-A01-000-021,燃气专业,2020/11/13 0:00,深圳南山欢乐颂,综合体,16,2,14,0
ZRH(ZB)-2011-A01-000-021,电气专业,2020/11/13 0:00,深圳南山欢乐颂,综合体,21,3,16,2
ZRH(ZB)-2011-A01-000-022,消防专业,2020/11/17 0:00,广州乐都汇,综合体,52,15,32,5
ZRH(ZB)-2011-A01-000-022,燃气专业,2020/11/17 0:00,广州乐都汇,综合体,11,1,8,2
ZRH(ZB)-2011-A01-000-022,电气专业,2020/11/17 0:00,广州乐都汇,综合体,24,2,19,3
ZRH(ZB)-2011-L01-B08-000-01,消防专业,2020/11/17 0:00,国商项目部,NONE,107,6,78,23
ZRH(ZB)-2011-L01-B08-000-02,消防专业,2020/11/28 0:00,传麒山项目部,NONE,80,17,51,12
ZRH(ZB)-2011-L01-B08-000-03,消防专业,2020/11/17 0:00,怡景项目部,NONE,39,5,32,2
ZRH(ZB)-2011-L01-B08-000-04,消防专业,2020/11/18 0:00,尚林、翠林项目部,NONE,38,6,24,8
ZRH(ZB)-2011-L01-B08-000-05,消防专业,2020/11/18 0:00,锦绣项目部,NONE,32,8,20,4
ZRH(ZB)-2011-L01-B08-000-06,消防专业,2020/11/19 0:00,翠竹项目部,NONE,55,6,40,9
ZRH(ZB)-2011-L01-B08-000-07,消防专业,2020/11/20 0:00,东湖名苑,NONE,34,10,19,5
ZRH(ZB)-2011-L01-B08-000-08,消防专业,2020/11/20 0:00,新洲项目部,NONE,37,5,28,4
ZRH(ZB)-2011-L01-B08-000-09,消防专业,2020/11/21 0:00,东乐项目部,NONE,72,7,45,20
ZRH(ZB)-2011-L01-B08-000-10,消防专业,2020/11/22 0:00,兴隆兴业项目部,NONE,39,8,29,2
ZRH(ZB)-2011-L01-B08-000-11,消防专业,2020/11/22 0:00,友谊项目部,NONE,46,5,29,12
ZRH(ZB)-2011-L01-B08-000-12,消防专业,2020/11/23 0:00,德兴项目部,NONE,85,12,55,18
ZRH(ZB)-2011-L01-B08-000-13,消防专业,2020/11/24 0:00,星湖项目部,NONE,56,5,35,16
ZRH(ZB)-2011-L01-B08-000-14,消防专业,2020/11/24 0:00,罗湖项目部,NONE,47,11,25,11
ZRH(ZB)-2011-L01-B08-000-15,消防专业,2020/11/25 0:00,湖滨项目部,NONE,29,7,21,1
ZRH(ZB)-2011-L01-B08-000-16,消防专业,2020/11/25 0:00,高嘉项目部,NONE,32,4,23,5
ZRH(ZB)-2011-L01-B08-000-17,消防专业,2020/11/26 0:00,文锦项目部,NONE,30,2,19,9
ZRH(ZB)-2011-L01-B08-000-18,消防专业,2020/11/26 0:00,湖心项目部,NONE,25,9,14,2
ZRH(ZB)-2011-L01-B08-000-19,消防专业,2020/11/27 0:00,南洋项目部,NONE,45,3,32,10
ZRH(ZB)-2011-L01-B11-000-001,消防专业,2020/11/20 0:00,深圳万象天地,综合体,84,20,59,5
ZRH(ZB)-2011-L01-B11-000-001,燃气专业,2020/11/20 0:00,深圳万象天地,综合体,22,3,18,1
ZRH(ZB)-2011-L01-B11-000-001,电气专业,2020/11/20 0:00,深圳万象天地,综合体,46,7,36,3
ZRH(ZB)-2011-L01-B11-000-002,消防专业,2020/11/27 0:00,南宁万象城,综合体,50,5,36,9
ZRH(ZB)-2011-L01-B11-000-002,电气专业,2020/11/27 0:00,南宁万象城,综合体,56,10,42,4
ZRH(ZB)-2011-L01-B11-000-003,消防专业,2020/12/2 0:00,柳州万象城,综合体,59,9,46,4
ZRH(ZB)-2011-L01-B11-000-003,电气专业,2020/12/2 0:00,柳州万象城,综合体,44,4,30,10
ZRH(ZB)-2011-L01-B11-000-004,消防专业,2020/12/5 0:00,桂林万象城,综合体,45,6,31,8
ZRH(ZB)-2011-L01-B11-000-004,电气专业,2020/12/5 0:00,桂林万象城,综合体,30,8,17,5
ZRH(ZB)-2011-L01-B11-000-005,消防专业,2020/12/9 0:00,深圳湾万象城,综合体,97,13,77,7
ZRH(ZB)-2011-L01-B11-000-005,电气专业,2020/12/9 0:00,深圳湾万象城,综合体,37,5,28,4
ZRH(ZB)-2011-L01-B11-000-006,消防专业,2020/11/20 0:00,福州仓山万象里,综合体,64,13,46,5
ZRH(ZB)-2011-L01-B11-000-006,燃气专业,2020/11/20 0:00,福州仓山万象里,综合体,9,1,8,0
ZRH(ZB)-2011-L01-B11-000-006,电气专业,2020/11/20 0:00,福州仓山万象里,综合体,27,10,16,1
ZRH(ZB)-2011-L01-B11-000-007,消防专业,2020/11/25 0:00,厦门思明万象里,综合体,76,13,56,7
ZRH(ZB)-2011-L01-B11-000-007,燃气专业,2020/11/25 0:00,厦门思明万象里,综合体,5,2,3,0
ZRH(ZB)-2011-L01-B11-000-007,电气专业,2020/11/25 0:00,厦门思明万象里,综合体,26,5,21,0
ZRH(ZB)-2011-L01-B11-000-009,消防专业,2020/12/4 0:00,海口N次方,综合体,88,11,66,11
ZRH(ZB)-2011-L01-B11-000-009,电气专业,2020/12/4 0:00,海口N次方,综合体,34,7,25,2
ZRH(ZB)-2011-L01-B11-000-010,消防专业,2020/12/11 0:00,深圳万象城,综合体,77,13,57,7
ZRH(ZB)-2011-L01-B11-000-010,燃气专业,2020/12/11 0:00,深圳万象城,综合体,3,0,3,0
ZRH(ZB)-2011-L01-B11-000-010,电气专业,2020/12/11 0:00,深圳万象城,综合体,36,6,28,2
ZRH(ZB)-2011-L01-B17-000-001,消防专业,2020/12/11 0:00,深圳赛格,NONE,30,1,28,1
ZRH(ZB)-2011-L01-B17-000-001,电梯专业,2020/12/11 0:00,深圳赛格,NONE,38,6,29,3
ZRH(ZB)-2011-L01-B17-000-001,电气专业,2020/12/11 0:00,深圳赛格,NONE,46,7,32,7
ZRH-2019-HRZD-HD-WZ-001-01,其他专业,2020/3/31 0:00,温州万象城,综合体,28,4,11,7
ZRH-2019-HRZD-HD-WZ-001-01,燃气专业,2020/3/31 0:00,温州万象城,综合体,7,2,4,1
szsw-01,消防专业,2020/9/22 0:00,深圳市税务局宝安国税大楼,NONE,37,4,24,9
szsw-01,电梯专业,2020/9/22 0:00,深圳市税务局宝安国税大楼,NONE,32,7,15,10
szsw-01,电气专业,2020/9/22 0:00,深圳市税务局宝安国税大楼,NONE,28,5,16,7
szsw-02,消防专业,2020/9/25 0:00,深圳土地房产交易大厦,NONE,12,2,10,0
szsw-02,燃气专业,2020/9/25 0:00,深圳土地房产交易大厦,NONE,6,2,4,0
szsw-02,电梯专业,2020/9/25 0:00,深圳土地房产交易大厦,NONE,20,11,9,0
szsw-02,电气专业,2020/9/25 0:00,深圳土地房产交易大厦,NONE,15,1,8,6
zbldh-01,消防专业,2020/11/21 0:00,淄博乐都汇,综合体,71,26,40,5
zbldh-01,电梯专业,2020/11/21 0:00,淄博乐都汇,综合体,33,6,19,8
zbldh-01,电气专业,2020/11/21 0:00,淄博乐都汇,综合体,36,3,23,10
