subspace1,subspace2,breakdown,correlation
*;*;,BMW;*;,Year,1.0976019769122414e-83
*;*;,Mercedes-Benz;*;,Year,3.555489384506387e-77
*;*;,Audi;*;,Year,1.5734969724160334e-62
*;*;,Toyota;*;,Year,3.9821644881481946e-83
*;*;,Renault;*;,Year,5.786902871429434e-42
*;*;,Volkswagen;*;,Year,1.4849326797611913e-65
*;*;,Mitsubishi;*;,Year,1.9692101734115832e-31
*;*;,*;sedan;,Year,5.225657426627365e-60
*;*;,*;van;,Year,3.2379481390538996e-71
*;*;,*;crossover;,Year,6.289097455944292e-76
*;*;,*;vagon;,Year,2.1304269576341152e-37
*;*;,*;other;,Year,4.5237462512035755e-81
*;*;,*;hatch;,Year,9.002132048166217e-65
*;*;,BMW;sedan;,Year,8.246026246532215e-61
*;*;,BMW;van;,Year,nan
*;*;,BMW;crossover;,Year,2.867579426002491e-72
*;*;,BMW;vagon;,Year,3.581991778449076e-16
*;*;,BMW;other;,Year,1.9030665236721408e-48
*;*;,BMW;hatch;,Year,2.237847758571012e-56
*;*;,Mercedes-Benz;sedan;,Year,3.525374090135412e-33
*;*;,Mercedes-Benz;van;,Year,3.519288052197653e-77
*;*;,Mercedes-Benz;crossover;,Year,1.950211148068904e-53
*;*;,Mercedes-Benz;vagon;,Year,1.411532280175665e-15
*;*;,Mercedes-Benz;other;,Year,2.2933944350614949e-66
*;*;,Mercedes-Benz;hatch;,Year,5.632978344589714e-18
*;*;,Audi;sedan;,Year,4.7802807428476634e-58
*;*;,Audi;van;,Year,2.5870269617961132
*;*;,Audi;crossover;,Year,7.79132659103611e-54
*;*;,Audi;vagon;,Year,3.5838215941622636e-09
*;*;,Audi;other;,Year,4.486249809874619e-18
*;*;,Audi;hatch;,Year,2.7802076993365157e-37
*;*;,Toyota;sedan;,Year,1.8596902750608332e-34
*;*;,Toyota;van;,Year,1.5802047534071348e-37
*;*;,Toyota;crossover;,Year,1.1202505336105875e-85
*;*;,Toyota;vagon;,Year,3.013088235203998e-13
*;*;,Toyota;other;,Year,2.2904897063147482e-48
*;*;,Toyota;hatch;,Year,8.6937755213198e-50
*;*;,Renault;sedan;,Year,1.9238269644778534e-58
*;*;,Renault;van;,Year,1.6544109659566531e-22
*;*;,Renault;crossover;,Year,2.2519264196773792e-54
*;*;,Renault;vagon;,Year,9.045008412357448e-32
*;*;,Renault;other;,Year,7.085859662210029e-21
*;*;,Renault;hatch;,Year,1.2143068667812623e-40
*;*;,Volkswagen;sedan;,Year,2.2455146576907369e-69
*;*;,Volkswagen;van;,Year,5.88266219403719e-42
*;*;,Volkswagen;crossover;,Year,6.701685663848474e-67
*;*;,Volkswagen;vagon;,Year,3.057400058349795e-32
*;*;,Volkswagen;other;,Year,3.264247456932927e-26
*;*;,Volkswagen;hatch;,Year,9.427747831209603e-32
*;*;,Mitsubishi;sedan;,Year,3.29952585891704e-09
*;*;,Mitsubishi;van;,Year,0.1374802010155586
*;*;,Mitsubishi;crossover;,Year,1.3937869077568762e-37
*;*;,Mitsubishi;vagon;,Year,3.7899613191228534
*;*;,Mitsubishi;other;,Year,1.8138362486745065e-60
*;*;,Mitsubishi;hatch;,Year,7.892851458870061
BMW;*;,Mercedes-Benz;*;,Year,4.4300639685204444e-80
BMW;*;,Audi;*;,Year,3.0477404385056716e-55
BMW;*;,Toyota;*;,Year,7.173316947718788e-75
BMW;*;,Renault;*;,Year,5.176137656325855e-35
BMW;*;,Volkswagen;*;,Year,1.587773064603279e-58
BMW;*;,Mitsubishi;*;,Year,8.100909990076408e-21
BMW;*;,*;sedan;,Year,6.940056529181644e-57
BMW;*;,*;van;,Year,1.1809757648552305e-61
BMW;*;,*;crossover;,Year,2.2014329943760487e-76
BMW;*;,*;vagon;,Year,4.70837904680387e-30
BMW;*;,*;other;,Year,2.3535216855625416e-77
BMW;*;,*;hatch;,Year,6.899533316950724e-57
BMW;*;,BMW;sedan;,Year,1.0149199382902444e-62
BMW;*;,BMW;van;,Year,nan
BMW;*;,BMW;crossover;,Year,1.956664762714938e-77
BMW;*;,BMW;vagon;,Year,3.82549767683351e-13
BMW;*;,BMW;other;,Year,1.808463229517988e-42
BMW;*;,BMW;hatch;,Year,4.422646919644977e-46
BMW;*;,Mercedes-Benz;sedan;,Year,1.5172587879752039e-35
BMW;*;,Mercedes-Benz;van;,Year,3.1999446816293506e-74
BMW;*;,Mercedes-Benz;crossover;,Year,8.36054680959933e-56
BMW;*;,Mercedes-Benz;vagon;,Year,6.346016204982814e-11
BMW;*;,Mercedes-Benz;other;,Year,4.249585305120375e-69
BMW;*;,Mercedes-Benz;hatch;,Year,4.1304004133321955e-19
BMW;*;,Audi;sedan;,Year,1.187062069522534e-50
BMW;*;,Audi;van;,Year,2.8400400643285875
BMW;*;,Audi;crossover;,Year,2.1260791795351554e-47
BMW;*;,Audi;vagon;,Year,1.8712137858588424e-06
BMW;*;,Audi;other;,Year,4.523881557290825e-16
BMW;*;,Audi;hatch;,Year,1.9414416871167036e-41
BMW;*;,Toyota;sedan;,Year,1.5063603728840788e-25
BMW;*;,Toyota;van;,Year,1.446833537355247e-42
BMW;*;,Toyota;crossover;,Year,3.922742546995125e-83
BMW;*;,Toyota;vagon;,Year,5.774958732881731e-09
BMW;*;,Toyota;other;,Year,7.489958835944882e-37
BMW;*;,Toyota;hatch;,Year,1.1765647033287148e-36
BMW;*;,Renault;sedan;,Year,2.554823426404751e-53
BMW;*;,Renault;van;,Year,3.489679576746115e-16
BMW;*;,Renault;crossover;,Year,1.331066269150924e-59
BMW;*;,Renault;vagon;,Year,8.860006712713267e-27
BMW;*;,Renault;other;,Year,5.5463672514780384e-14
BMW;*;,Renault;hatch;,Year,7.038177559117943e-37
BMW;*;,Volkswagen;sedan;,Year,2.1929649718040285e-64
BMW;*;,Volkswagen;van;,Year,1.17612792358538e-31
BMW;*;,Volkswagen;crossover;,Year,1.723054367899365e-66
BMW;*;,Volkswagen;vagon;,Year,1.059328747066636e-27
BMW;*;,Volkswagen;other;,Year,1.2599007349454415e-23
BMW;*;,Volkswagen;hatch;,Year,1.2377366963751284e-25
BMW;*;,Mitsubishi;sedan;,Year,0.001925522897478732
BMW;*;,Mitsubishi;van;,Year,4.122414628450934
BMW;*;,Mitsubishi;crossover;,Year,3.70693560126022e-27
BMW;*;,Mitsubishi;vagon;,Year,7.532002178375669
BMW;*;,Mitsubishi;other;,Year,1.1673142223914525e-51
BMW;*;,Mitsubishi;hatch;,Year,6.24370690768677
Mercedes-Benz;*;,Audi;*;,Year,1.532702443552019e-39
Mercedes-Benz;*;,Toyota;*;,Year,6.646651504903331e-69
Mercedes-Benz;*;,Renault;*;,Year,6.148308336737457e-19
Mercedes-Benz;*;,Volkswagen;*;,Year,2.4888817735905196e-39
Mercedes-Benz;*;,Mitsubishi;*;,Year,3.817077899042921e-18
Mercedes-Benz;*;,*;sedan;,Year,2.848625410187394e-35
Mercedes-Benz;*;,*;van;,Year,4.850973615650607e-50
Mercedes-Benz;*;,*;crossover;,Year,1.7459497517817063e-85
Mercedes-Benz;*;,*;vagon;,Year,4.1811121840243216e-14
Mercedes-Benz;*;,*;other;,Year,1.6041823517166093e-71
Mercedes-Benz;*;,*;hatch;,Year,2.0700186602344366e-39
Mercedes-Benz;*;,BMW;sedan;,Year,1.8362172891434761e-44
Mercedes-Benz;*;,BMW;van;,Year,nan
Mercedes-Benz;*;,BMW;crossover;,Year,3.6353530554536743e-84
Mercedes-Benz;*;,BMW;vagon;,Year,0.001070531310538496
Mercedes-Benz;*;,BMW;other;,Year,3.8234577589320502e-25
Mercedes-Benz;*;,BMW;hatch;,Year,1.2535007467347988e-45
Mercedes-Benz;*;,Mercedes-Benz;sedan;,Year,1.1412704688410317e-16
Mercedes-Benz;*;,Mercedes-Benz;van;,Year,4.955970272101526e-77
Mercedes-Benz;*;,Mercedes-Benz;crossover;,Year,2.971497558449055e-75
Mercedes-Benz;*;,Mercedes-Benz;vagon;,Year,2.01763657515389e-06
Mercedes-Benz;*;,Mercedes-Benz;other;,Year,1.8245094869343002e-77
Mercedes-Benz;*;,Mercedes-Benz;hatch;,Year,1.391857097652244e-16
Mercedes-Benz;*;,Audi;sedan;,Year,1.0796371379855637e-34
Mercedes-Benz;*;,Audi;van;,Year,3.9118568762599604
Mercedes-Benz;*;,Audi;crossover;,Year,2.0298550719544152e-41
Mercedes-Benz;*;,Audi;vagon;,Year,0.015971856420399576
Mercedes-Benz;*;,Audi;other;,Year,2.2250667589960328e-05
Mercedes-Benz;*;,Audi;hatch;,Year,4.349934422711905e-28
Mercedes-Benz;*;,Toyota;sedan;,Year,2.1388770165396426e-16
Mercedes-Benz;*;,Toyota;van;,Year,4.3425100946177215e-61
Mercedes-Benz;*;,Toyota;crossover;,Year,2.2820662701658906e-78
Mercedes-Benz;*;,Toyota;vagon;,Year,2.9578102801797726e-09
Mercedes-Benz;*;,Toyota;other;,Year,2.7171137209775027e-45
Mercedes-Benz;*;,Toyota;hatch;,Year,5.807297077336523e-29
Mercedes-Benz;*;,Renault;sedan;,Year,1.0903283811158808e-34
Mercedes-Benz;*;,Renault;van;,Year,1.3575104505819046e-05
Mercedes-Benz;*;,Renault;crossover;,Year,2.0991497762492418e-71
Mercedes-Benz;*;,Renault;vagon;,Year,1.0553942628991212e-11
Mercedes-Benz;*;,Renault;other;,Year,2.1832608486032354e-05
Mercedes-Benz;*;,Renault;hatch;,Year,2.7039617730302696e-20
Mercedes-Benz;*;,Volkswagen;sedan;,Year,7.610524377890748e-49
Mercedes-Benz;*;,Volkswagen;van;,Year,2.0414864568527096e-18
Mercedes-Benz;*;,Volkswagen;crossover;,Year,1.269689326133018e-53
Mercedes-Benz;*;,Volkswagen;vagon;,Year,9.209709139636258e-16
Mercedes-Benz;*;,Volkswagen;other;,Year,6.790416807521805e-08
Mercedes-Benz;*;,Volkswagen;hatch;,Year,1.7216230202027935e-11
Mercedes-Benz;*;,Mitsubishi;sedan;,Year,0.0539925865768852
Mercedes-Benz;*;,Mitsubishi;van;,Year,4.0130870632652655
Mercedes-Benz;*;,Mitsubishi;crossover;,Year,1.7865042671534234e-24
Mercedes-Benz;*;,Mitsubishi;vagon;,Year,7.970283622865897
Mercedes-Benz;*;,Mitsubishi;other;,Year,4.0525455058909307e-54
Mercedes-Benz;*;,Mitsubishi;hatch;,Year,3.652016528485414
Audi;*;,Toyota;*;,Year,7.651555674296739e-64
Audi;*;,Renault;*;,Year,3.011224165597143e-47
Audi;*;,Volkswagen;*;,Year,4.188757382129712e-71
Audi;*;,Mitsubishi;*;,Year,8.211433612388845e-23
Audi;*;,*;sedan;,Year,1.5812677107782175e-68
Audi;*;,*;van;,Year,9.307918953367576e-68
Audi;*;,*;crossover;,Year,4.0495142878562136e-38
Audi;*;,*;vagon;,Year,4.8481438497473434e-58
Audi;*;,*;other;,Year,7.306629052763401e-55
Audi;*;,*;hatch;,Year,1.5145367482711504e-80
Audi;*;,BMW;sedan;,Year,6.60395040609081e-64
Audi;*;,BMW;van;,Year,nan
Audi;*;,BMW;crossover;,Year,1.2203669427565308e-33
Audi;*;,BMW;vagon;,Year,3.861380308621968e-25
Audi;*;,BMW;other;,Year,4.169867582033264e-51
Audi;*;,BMW;hatch;,Year,9.195700325171765e-39
Audi;*;,Mercedes-Benz;sedan;,Year,1.503639140837609e-45
Audi;*;,Mercedes-Benz;van;,Year,2.4711174822344523e-49
Audi;*;,Mercedes-Benz;crossover;,Year,6.159858723093032e-17
Audi;*;,Mercedes-Benz;vagon;,Year,1.7680834599188522e-43
Audi;*;,Mercedes-Benz;other;,Year,2.192128966863933e-26
Audi;*;,Mercedes-Benz;hatch;,Year,1.7889803191650428e-17
Audi;*;,Audi;sedan;,Year,1.0735737822196753e-61
Audi;*;,Audi;van;,Year,3.277206244334783
Audi;*;,Audi;crossover;,Year,2.978172636527431e-72
Audi;*;,Audi;vagon;,Year,1.3428425860004764e-31
Audi;*;,Audi;other;,Year,2.4642233079643474e-42
Audi;*;,Audi;hatch;,Year,3.299367156930117e-40
Audi;*;,Toyota;sedan;,Year,3.831288216046569e-42
Audi;*;,Toyota;van;,Year,1.635120894143132e-05
Audi;*;,Toyota;crossover;,Year,1.4011443516229904e-57
Audi;*;,Toyota;vagon;,Year,3.782943468504512e-13
Audi;*;,Toyota;other;,Year,4.16842749672313e-37
Audi;*;,Toyota;hatch;,Year,4.59121843967974e-59
Audi;*;,Renault;sedan;,Year,8.692466918799222e-55
Audi;*;,Renault;van;,Year,1.0987003474924961e-35
Audi;*;,Renault;crossover;,Year,1.5592040233666175e-18
Audi;*;,Renault;vagon;,Year,9.054790543384268e-38
Audi;*;,Renault;other;,Year,5.325592441478561e-28
Audi;*;,Renault;hatch;,Year,4.451791513339285e-48
Audi;*;,Volkswagen;sedan;,Year,5.807063472123787e-61
Audi;*;,Volkswagen;van;,Year,1.2060237271557404e-62
Audi;*;,Volkswagen;crossover;,Year,4.546609886869613e-50
Audi;*;,Volkswagen;vagon;,Year,1.1140483507464094e-38
Audi;*;,Volkswagen;other;,Year,2.0745802826375907e-44
Audi;*;,Volkswagen;hatch;,Year,2.9561222882939965e-66
Audi;*;,Mitsubishi;sedan;,Year,4.301226927124032e-13
Audi;*;,Mitsubishi;van;,Year,3.258511593285933
Audi;*;,Mitsubishi;crossover;,Year,8.420529299096445e-23
Audi;*;,Mitsubishi;vagon;,Year,1.1909400829404204
Audi;*;,Mitsubishi;other;,Year,6.947961835191612e-37
Audi;*;,Mitsubishi;hatch;,Year,2.270600247775999
Toyota;*;,Renault;*;,Year,6.797705967150268e-44
Toyota;*;,Volkswagen;*;,Year,1.7948383940291116e-65
Toyota;*;,Mitsubishi;*;,Year,7.800739323207183e-45
Toyota;*;,*;sedan;,Year,1.4261866046748819e-58
Toyota;*;,*;van;,Year,9.388515832478965e-73
Toyota;*;,*;crossover;,Year,1.6045114047434586e-70
Toyota;*;,*;vagon;,Year,1.890742712275486e-38
Toyota;*;,*;other;,Year,1.814574684125632e-79
Toyota;*;,*;hatch;,Year,2.1727185872442377e-68
Toyota;*;,BMW;sedan;,Year,5.716967118267665e-53
Toyota;*;,BMW;van;,Year,nan
Toyota;*;,BMW;crossover;,Year,6.198739652878212e-63
Toyota;*;,BMW;vagon;,Year,1.905534102888757e-18
Toyota;*;,BMW;other;,Year,1.2838926781781293e-52
Toyota;*;,BMW;hatch;,Year,1.0116850364532278e-61
Toyota;*;,Mercedes-Benz;sedan;,Year,1.99117859670195e-28
Toyota;*;,Mercedes-Benz;van;,Year,9.85750567109649e-73
Toyota;*;,Mercedes-Benz;crossover;,Year,3.180379914981688e-47
Toyota;*;,Mercedes-Benz;vagon;,Year,1.3986474630629766e-17
Toyota;*;,Mercedes-Benz;other;,Year,1.171552821846683e-60
Toyota;*;,Mercedes-Benz;hatch;,Year,4.4237970505990625e-18
Toyota;*;,Audi;sedan;,Year,1.9291885900393078e-59
Toyota;*;,Audi;van;,Year,2.299923501855084
Toyota;*;,Audi;crossover;,Year,4.938515845302445e-56
Toyota;*;,Audi;vagon;,Year,3.10594692535689e-09
Toyota;*;,Audi;other;,Year,1.9703081091121812e-19
Toyota;*;,Audi;hatch;,Year,7.954801155479979e-30
Toyota;*;,Toyota;sedan;,Year,8.665176836232509e-47
Toyota;*;,Toyota;van;,Year,2.4568451597815598e-30
Toyota;*;,Toyota;crossover;,Year,1.0388758792860393e-81
Toyota;*;,Toyota;vagon;,Year,5.170871750983835e-17
Toyota;*;,Toyota;other;,Year,1.1159411526066222e-54
Toyota;*;,Toyota;hatch;,Year,2.670353040048507e-60
Toyota;*;,Renault;sedan;,Year,3.744205555741483e-59
Toyota;*;,Renault;van;,Year,5.7527551783937016e-27
Toyota;*;,Renault;crossover;,Year,9.17623672070481e-44
Toyota;*;,Renault;vagon;,Year,1.9824698162939792e-31
Toyota;*;,Renault;other;,Year,3.742805860552221e-26
Toyota;*;,Renault;hatch;,Year,1.5070249428221962e-38
Toyota;*;,Volkswagen;sedan;,Year,7.9419953172228e-66
Toyota;*;,Volkswagen;van;,Year,2.666953418520906e-46
Toyota;*;,Volkswagen;crossover;,Year,1.952984551579672e-65
Toyota;*;,Volkswagen;vagon;,Year,2.6671012362070017e-30
Toyota;*;,Volkswagen;other;,Year,1.2838126345617896e-24
Toyota;*;,Volkswagen;hatch;,Year,2.04776879104795e-36
Toyota;*;,Mitsubishi;sedan;,Year,1.8207212184919547e-18
Toyota;*;,Mitsubishi;van;,Year,8.83635853797118e-06
Toyota;*;,Mitsubishi;crossover;,Year,1.7765367828331075e-50
Toyota;*;,Mitsubishi;vagon;,Year,1.3102485578418404
Toyota;*;,Mitsubishi;other;,Year,3.2657516811617288e-65
Toyota;*;,Mitsubishi;hatch;,Year,4.6017356755935745
Renault;*;,Volkswagen;*;,Year,5.1907509062089474e-68
Renault;*;,Mitsubishi;*;,Year,1.7081932827494067e-22
Renault;*;,*;sedan;,Year,1.2072101035904789e-52
Renault;*;,*;van;,Year,3.646852266469611e-64
Renault;*;,*;crossover;,Year,2.8819227047255248e-18
Renault;*;,*;vagon;,Year,1.7195610452331126e-71
Renault;*;,*;other;,Year,3.283772843538004e-47
Renault;*;,*;hatch;,Year,1.5606991922700585e-54
Renault;*;,BMW;sedan;,Year,4.006419457872801e-40
Renault;*;,BMW;van;,Year,nan
Renault;*;,BMW;crossover;,Year,1.1304899766230124e-15
Renault;*;,BMW;vagon;,Year,8.443678031472064e-51
Renault;*;,BMW;other;,Year,7.902634721934569e-69
Renault;*;,BMW;hatch;,Year,7.03784538629863e-50
Renault;*;,Mercedes-Benz;sedan;,Year,3.1140086783330442e-30
Renault;*;,Mercedes-Benz;van;,Year,4.467188902856956e-31
Renault;*;,Mercedes-Benz;crossover;,Year,5.118080294509186e-05
Renault;*;,Mercedes-Benz;vagon;,Year,2.5758219534246967e-11
Renault;*;,Mercedes-Benz;other;,Year,9.354795105023698e-18
Renault;*;,Mercedes-Benz;hatch;,Year,2.248360391486063
Renault;*;,Audi;sedan;,Year,5.059400982146204e-70
Renault;*;,Audi;van;,Year,2.0771514153614037
Renault;*;,Audi;crossover;,Year,1.5563290102016933e-18
Renault;*;,Audi;vagon;,Year,1.2198285127298763e-14
Renault;*;,Audi;other;,Year,4.3484397155709854e-33
Renault;*;,Audi;hatch;,Year,6.415866742442567e-21
Renault;*;,Toyota;sedan;,Year,6.617562532626499e-24
Renault;*;,Toyota;van;,Year,0.03977219280333898
Renault;*;,Toyota;crossover;,Year,1.238542116591823e-42
Renault;*;,Toyota;vagon;,Year,2.131614051955937e-15
Renault;*;,Toyota;other;,Year,1.7590995914426526e-18
Renault;*;,Toyota;hatch;,Year,4.0508854866878097e-53
Renault;*;,Renault;sedan;,Year,5.871581041087048e-68
Renault;*;,Renault;van;,Year,3.792666625862744e-77
Renault;*;,Renault;crossover;,Year,6.826522465188693e-12
Renault;*;,Renault;vagon;,Year,9.412687251693086e-78
Renault;*;,Renault;other;,Year,1.2884680938462842e-65
Renault;*;,Renault;hatch;,Year,7.757954994639985e-74
Renault;*;,Volkswagen;sedan;,Year,1.9169723262809627e-67
Renault;*;,Volkswagen;van;,Year,3.895936086996356e-58
Renault;*;,Volkswagen;crossover;,Year,6.249435318818839e-37
Renault;*;,Volkswagen;vagon;,Year,1.0977691874250492e-42
Renault;*;,Volkswagen;other;,Year,2.891531466190555e-63
Renault;*;,Volkswagen;hatch;,Year,2.400984230420973e-39
Renault;*;,Mitsubishi;sedan;,Year,5.4766299431082105e-12
Renault;*;,Mitsubishi;van;,Year,1.1124149514854464
Renault;*;,Mitsubishi;crossover;,Year,3.425273242438672e-24
Renault;*;,Mitsubishi;vagon;,Year,0.07424468967456427
Renault;*;,Mitsubishi;other;,Year,4.67889264404058e-22
Renault;*;,Mitsubishi;hatch;,Year,0.19572780961499023
Volkswagen;*;,Mitsubishi;*;,Year,5.375788559817444e-27
Volkswagen;*;,*;sedan;,Year,1.0090542351204244e-76
Volkswagen;*;,*;van;,Year,1.1107729098815093e-76
Volkswagen;*;,*;crossover;,Year,4.170580855317517e-37
Volkswagen;*;,*;vagon;,Year,1.5532292809884184e-68
Volkswagen;*;,*;other;,Year,2.60214671473685e-59
Volkswagen;*;,*;hatch;,Year,4.786727777666447e-78
Volkswagen;*;,BMW;sedan;,Year,2.764778158863933e-67
Volkswagen;*;,BMW;van;,Year,nan
Volkswagen;*;,BMW;crossover;,Year,1.4980236566111016e-33
Volkswagen;*;,BMW;vagon;,Year,2.536948380799827e-37
Volkswagen;*;,BMW;other;,Year,2.9074764855219285e-65
Volkswagen;*;,BMW;hatch;,Year,4.797784004627114e-48
Volkswagen;*;,Mercedes-Benz;sedan;,Year,4.732778116661831e-52
Volkswagen;*;,Mercedes-Benz;van;,Year,3.6405163668954064e-51
Volkswagen;*;,Mercedes-Benz;crossover;,Year,8.445627535042697e-15
Volkswagen;*;,Mercedes-Benz;vagon;,Year,2.529668990055843e-24
Volkswagen;*;,Mercedes-Benz;other;,Year,1.0119858348482518e-28
Volkswagen;*;,Mercedes-Benz;hatch;,Year,1.0187457808327993e-11
Volkswagen;*;,Audi;sedan;,Year,3.4540078963638804e-74
Volkswagen;*;,Audi;van;,Year,2.3830924087756986
Volkswagen;*;,Audi;crossover;,Year,4.595442661868363e-49
Volkswagen;*;,Audi;vagon;,Year,4.1409206953153065e-17
Volkswagen;*;,Audi;other;,Year,4.7213127160952944e-29
Volkswagen;*;,Audi;hatch;,Year,4.866945712109201e-40
Volkswagen;*;,Toyota;sedan;,Year,4.453019040191763e-39
Volkswagen;*;,Toyota;van;,Year,1.167707628994505e-05
Volkswagen;*;,Toyota;crossover;,Year,8.002645701474353e-63
Volkswagen;*;,Toyota;vagon;,Year,2.651313789092874e-10
Volkswagen;*;,Toyota;other;,Year,1.9214152956435987e-32
Volkswagen;*;,Toyota;hatch;,Year,2.2267293377677428e-58
Volkswagen;*;,Renault;sedan;,Year,1.2038339176908673e-74
Volkswagen;*;,Renault;van;,Year,1.7598090124613196e-48
Volkswagen;*;,Renault;crossover;,Year,2.1844901083368926e-19
Volkswagen;*;,Renault;vagon;,Year,1.8698257378285983e-62
Volkswagen;*;,Renault;other;,Year,6.482314341900288e-50
Volkswagen;*;,Renault;hatch;,Year,4.7945971216527e-65
Volkswagen;*;,Volkswagen;sedan;,Year,4.792831614348694e-80
Volkswagen;*;,Volkswagen;van;,Year,1.4082635325255766e-71
Volkswagen;*;,Volkswagen;crossover;,Year,4.925432830669451e-61
Volkswagen;*;,Volkswagen;vagon;,Year,7.024786977674861e-55
Volkswagen;*;,Volkswagen;other;,Year,3.255559047675855e-57
Volkswagen;*;,Volkswagen;hatch;,Year,3.297700260640113e-58
Volkswagen;*;,Mitsubishi;sedan;,Year,2.4841400557768084e-10
Volkswagen;*;,Mitsubishi;van;,Year,0.38320059190447375
Volkswagen;*;,Mitsubishi;crossover;,Year,4.658375923909767e-31
Volkswagen;*;,Mitsubishi;vagon;,Year,1.7265676022266425
Volkswagen;*;,Mitsubishi;other;,Year,1.187464737621372e-41
Volkswagen;*;,Mitsubishi;hatch;,Year,7.965256322853076
Mitsubishi;*;,*;sedan;,Year,6.326077115832899e-30
Mitsubishi;*;,*;van;,Year,8.363822098675404e-29
Mitsubishi;*;,*;crossover;,Year,2.0392897239533848e-21
Mitsubishi;*;,*;vagon;,Year,1.2143129178017762e-23
Mitsubishi;*;,*;other;,Year,2.373024046133251e-33
Mitsubishi;*;,*;hatch;,Year,6.92855938222894e-28
Mitsubishi;*;,BMW;sedan;,Year,2.0448766984957588e-11
Mitsubishi;*;,BMW;van;,Year,nan
Mitsubishi;*;,BMW;crossover;,Year,2.7234429846744473e-16
Mitsubishi;*;,BMW;vagon;,Year,1.5341051734166396e-11
Mitsubishi;*;,BMW;other;,Year,1.9032449509690568e-30
Mitsubishi;*;,BMW;hatch;,Year,1.8911441279577644e-27
Mitsubishi;*;,Mercedes-Benz;sedan;,Year,4.954098143852546e-12
Mitsubishi;*;,Mercedes-Benz;van;,Year,8.393413836177165e-19
Mitsubishi;*;,Mercedes-Benz;crossover;,Year,2.678086516874791e-09
Mitsubishi;*;,Mercedes-Benz;vagon;,Year,7.027974349631583e-08
Mitsubishi;*;,Mercedes-Benz;other;,Year,6.578376410521843e-20
Mitsubishi;*;,Mercedes-Benz;hatch;,Year,2.2608992639149125e-07
Mitsubishi;*;,Audi;sedan;,Year,1.869348439427078e-24
Mitsubishi;*;,Audi;van;,Year,4.1417826727016775
Mitsubishi;*;,Audi;crossover;,Year,1.6175682590582185e-15
Mitsubishi;*;,Audi;vagon;,Year,4.226549270154999e-05
Mitsubishi;*;,Audi;other;,Year,4.921300398084662e-13
Mitsubishi;*;,Audi;hatch;,Year,2.5984897056106874e-05
Mitsubishi;*;,Toyota;sedan;,Year,1.920658135861586e-64
Mitsubishi;*;,Toyota;van;,Year,1.0278249017047143e-05
Mitsubishi;*;,Toyota;crossover;,Year,1.5103228164210326e-28
Mitsubishi;*;,Toyota;vagon;,Year,4.9733130407222324e-11
Mitsubishi;*;,Toyota;other;,Year,1.0868628850549498e-25
Mitsubishi;*;,Toyota;hatch;,Year,1.2713013292157921e-34
Mitsubishi;*;,Renault;sedan;,Year,7.3329610519464015e-31
Mitsubishi;*;,Renault;van;,Year,1.0229556638711708e-16
Mitsubishi;*;,Renault;crossover;,Year,1.5247824964882162e-08
Mitsubishi;*;,Renault;vagon;,Year,1.5311234386313285e-19
Mitsubishi;*;,Renault;other;,Year,1.8088787176057458e-15
Mitsubishi;*;,Renault;hatch;,Year,1.9153815844787166e-11
Mitsubishi;*;,Volkswagen;sedan;,Year,4.5902850235900534e-21
Mitsubishi;*;,Volkswagen;van;,Year,1.9108289531895523e-25
Mitsubishi;*;,Volkswagen;crossover;,Year,2.7260911545850856e-24
Mitsubishi;*;,Volkswagen;vagon;,Year,6.075690610824021e-18
Mitsubishi;*;,Volkswagen;other;,Year,2.1154292135459173e-11
Mitsubishi;*;,Volkswagen;hatch;,Year,1.246132080511702e-13
Mitsubishi;*;,Mitsubishi;sedan;,Year,7.887428151635719e-68
Mitsubishi;*;,Mitsubishi;van;,Year,4.843653492169945e-40
Mitsubishi;*;,Mitsubishi;crossover;,Year,8.118880244748866e-83
Mitsubishi;*;,Mitsubishi;vagon;,Year,2.416238566228851e-06
Mitsubishi;*;,Mitsubishi;other;,Year,8.331672518258863e-50
Mitsubishi;*;,Mitsubishi;hatch;,Year,2.185127378766436e-08
*;sedan;,*;van;,Year,5.1626406683376545e-58
*;sedan;,*;crossover;,Year,5.7251353003889665e-31
*;sedan;,*;vagon;,Year,5.359372920623223e-61
*;sedan;,*;other;,Year,1.381542328808833e-51
*;sedan;,*;hatch;,Year,4.286499488377449e-73
*;sedan;,BMW;sedan;,Year,1.2772069158487336e-71
*;sedan;,BMW;van;,Year,nan
*;sedan;,BMW;crossover;,Year,5.82769578819559e-32
*;sedan;,BMW;vagon;,Year,1.6010221398685937e-33
*;sedan;,BMW;other;,Year,1.1147176404080619e-58
*;sedan;,BMW;hatch;,Year,1.7094896738954195e-25
*;sedan;,Mercedes-Benz;sedan;,Year,1.5217710515456135e-73
*;sedan;,Mercedes-Benz;van;,Year,3.4336563718896393e-38
*;sedan;,Mercedes-Benz;crossover;,Year,3.885329652014892e-09
*;sedan;,Mercedes-Benz;vagon;,Year,4.959769857395277e-24
*;sedan;,Mercedes-Benz;other;,Year,2.969317531325274e-24
*;sedan;,Mercedes-Benz;hatch;,Year,2.7267533780274473e-18
*;sedan;,Audi;sedan;,Year,5.768920835511758e-59
*;sedan;,Audi;van;,Year,2.293404423741837
*;sedan;,Audi;crossover;,Year,5.250385108899376e-47
*;sedan;,Audi;vagon;,Year,1.1068315689761639e-16
*;sedan;,Audi;other;,Year,9.558316182269314e-41
*;sedan;,Audi;hatch;,Year,3.926217305650537e-52
*;sedan;,Toyota;sedan;,Year,7.806042227783112e-50
*;sedan;,Toyota;van;,Year,0.0017320470234983623
*;sedan;,Toyota;crossover;,Year,1.118380802823902e-54
*;sedan;,Toyota;vagon;,Year,6.237463537923444e-05
*;sedan;,Toyota;other;,Year,1.9998259509148045e-16
*;sedan;,Toyota;hatch;,Year,5.635285243048952e-41
*;sedan;,Renault;sedan;,Year,1.600127374070946e-71
*;sedan;,Renault;van;,Year,7.139701720391276e-35
*;sedan;,Renault;crossover;,Year,8.38726988622388e-15
*;sedan;,Renault;vagon;,Year,1.9324431637350378e-52
*;sedan;,Renault;other;,Year,1.2571440235081041e-29
*;sedan;,Renault;hatch;,Year,1.881975996919607e-54
*;sedan;,Volkswagen;sedan;,Year,8.234955834177926e-66
*;sedan;,Volkswagen;van;,Year,2.576439085665411e-56
*;sedan;,Volkswagen;crossover;,Year,2.329259885600091e-60
*;sedan;,Volkswagen;vagon;,Year,3.412524944101466e-51
*;sedan;,Volkswagen;other;,Year,2.3668610936620754e-59
*;sedan;,Volkswagen;hatch;,Year,2.3986945702714566e-57
*;sedan;,Mitsubishi;sedan;,Year,6.13628120227613e-15
*;sedan;,Mitsubishi;van;,Year,0.051849256432303065
*;sedan;,Mitsubishi;crossover;,Year,4.0457883643032997e-32
*;sedan;,Mitsubishi;vagon;,Year,0.3738594279885533
*;sedan;,Mitsubishi;other;,Year,1.826442018541158e-39
*;sedan;,Mitsubishi;hatch;,Year,4.430970717319707
*;van;,*;crossover;,Year,2.073332598392443e-50
*;van;,*;vagon;,Year,3.642068049340545e-59
*;van;,*;other;,Year,2.998995531735474e-67
*;van;,*;hatch;,Year,6.887545553148887e-72
*;van;,BMW;sedan;,Year,8.327629697610245e-60
*;van;,BMW;van;,Year,nan
*;van;,BMW;crossover;,Year,4.701124774064953e-41
*;van;,BMW;vagon;,Year,4.384549338268633e-24
*;van;,BMW;other;,Year,3.5188266216472823e-60
*;van;,BMW;hatch;,Year,5.277579993604113e-68
*;van;,Mercedes-Benz;sedan;,Year,5.148137779202059e-27
*;van;,Mercedes-Benz;van;,Year,8.859023521162347e-69
*;van;,Mercedes-Benz;crossover;,Year,1.1443278133638295e-30
*;van;,Mercedes-Benz;vagon;,Year,2.5195108979658504e-26
*;van;,Mercedes-Benz;other;,Year,1.1680223312161124e-38
*;van;,Mercedes-Benz;hatch;,Year,2.0864098049799642e-05
*;van;,Audi;sedan;,Year,1.4783681759390612e-71
*;van;,Audi;van;,Year,4.797766332432081
*;van;,Audi;crossover;,Year,3.733546248142801e-51
*;van;,Audi;vagon;,Year,1.893775854507153e-18
*;van;,Audi;other;,Year,3.581739259591292e-19
*;van;,Audi;hatch;,Year,3.7786952617814005e-30
*;van;,Toyota;sedan;,Year,1.408854665430275e-29
*;van;,Toyota;van;,Year,3.6460617527546487e-16
*;van;,Toyota;crossover;,Year,1.1415392905130206e-70
*;van;,Toyota;vagon;,Year,4.8705452623003304e-20
*;van;,Toyota;other;,Year,4.107770214345757e-56
*;van;,Toyota;hatch;,Year,9.552772506668574e-70
*;van;,Renault;sedan;,Year,4.0208539002838355e-65
*;van;,Renault;van;,Year,3.1174552342193474e-46
*;van;,Renault;crossover;,Year,1.7175306775576645e-31
*;van;,Renault;vagon;,Year,1.1783378965756455e-50
*;van;,Renault;other;,Year,2.2370655570837954e-48
*;van;,Renault;hatch;,Year,1.0635681759875278e-59
*;van;,Volkswagen;sedan;,Year,2.0361836584502466e-76
*;van;,Volkswagen;van;,Year,4.3491078290764986e-69
*;van;,Volkswagen;crossover;,Year,3.1740516425042943e-50
*;van;,Volkswagen;vagon;,Year,8.427985722328275e-46
*;van;,Volkswagen;other;,Year,6.052154028184393e-40
*;van;,Volkswagen;hatch;,Year,2.665518366377205e-46
*;van;,Mitsubishi;sedan;,Year,1.7150628810741415e-10
*;van;,Mitsubishi;van;,Year,0.18169237943719418
*;van;,Mitsubishi;crossover;,Year,1.194356345692232e-32
*;van;,Mitsubishi;vagon;,Year,0.3636960812106075
*;van;,Mitsubishi;other;,Year,1.0187922899232764e-49
*;van;,Mitsubishi;hatch;,Year,2.9216230283366182
*;crossover;,*;vagon;,Year,1.2209736532249004e-12
*;crossover;,*;other;,Year,2.6085200768627805e-71
*;crossover;,*;hatch;,Year,1.6214553179641783e-38
*;crossover;,BMW;sedan;,Year,2.4531030864328903e-38
*;crossover;,BMW;van;,Year,nan
*;crossover;,BMW;crossover;,Year,9.035848976901456e-83
*;crossover;,BMW;vagon;,Year,0.004995694029862808
*;crossover;,BMW;other;,Year,3.1000848110174134e-24
*;crossover;,BMW;hatch;,Year,1.1397675480237023e-50
*;crossover;,Mercedes-Benz;sedan;,Year,7.85610620570045e-12
*;crossover;,Mercedes-Benz;van;,Year,1.8502313565497025e-77
*;crossover;,Mercedes-Benz;crossover;,Year,5.879859796913713e-78
*;crossover;,Mercedes-Benz;vagon;,Year,2.1451169569482573e-06
*;crossover;,Mercedes-Benz;other;,Year,3.9661510589213477e-78
*;crossover;,Mercedes-Benz;hatch;,Year,1.2745825159004526e-15
*;crossover;,Audi;sedan;,Year,2.0147185746528756e-34
*;crossover;,Audi;van;,Year,3.267547215795407
*;crossover;,Audi;crossover;,Year,1.6314127028260186e-41
*;crossover;,Audi;vagon;,Year,0.03805603837493467
*;crossover;,Audi;other;,Year,0.000506549579473915
*;crossover;,Audi;hatch;,Year,6.341947946927145e-23
*;crossover;,Toyota;sedan;,Year,1.2143992739289036e-17
*;crossover;,Toyota;van;,Year,8.655918243279974e-62
*;crossover;,Toyota;crossover;,Year,9.918717573940921e-78
*;crossover;,Toyota;vagon;,Year,6.505615708173405e-12
*;crossover;,Toyota;other;,Year,2.0825133001870864e-51
*;crossover;,Toyota;hatch;,Year,1.2497611670260264e-32
*;crossover;,Renault;sedan;,Year,5.471021694499274e-32
*;crossover;,Renault;van;,Year,9.783135837592032e-06
*;crossover;,Renault;crossover;,Year,1.22939978915041e-70
*;crossover;,Renault;vagon;,Year,2.727522253660847e-10
*;crossover;,Renault;other;,Year,4.275493736762764e-06
*;crossover;,Renault;hatch;,Year,2.804586578805825e-18
*;crossover;,Volkswagen;sedan;,Year,3.461843371839631e-46
*;crossover;,Volkswagen;van;,Year,2.0566031200327186e-18
*;crossover;,Volkswagen;crossover;,Year,8.549664164054256e-52
*;crossover;,Volkswagen;vagon;,Year,1.3604446884224066e-13
*;crossover;,Volkswagen;other;,Year,1.6405896791971754e-05
*;crossover;,Volkswagen;hatch;,Year,1.508294678254869e-10
*;crossover;,Mitsubishi;sedan;,Year,0.004097593500942765
*;crossover;,Mitsubishi;van;,Year,0.9015180979145913
*;crossover;,Mitsubishi;crossover;,Year,2.577838344932946e-28
*;crossover;,Mitsubishi;vagon;,Year,7.935640643117204
*;crossover;,Mitsubishi;other;,Year,2.62001790688072e-55
*;crossover;,Mitsubishi;hatch;,Year,5.383100110067356
*;vagon;,*;other;,Year,5.9901784008146e-35
*;vagon;,*;hatch;,Year,4.04218091490648e-56
*;vagon;,BMW;sedan;,Year,1.7380514799546188e-47
*;vagon;,BMW;van;,Year,nan
*;vagon;,BMW;crossover;,Year,3.89575751265702e-11
*;vagon;,BMW;vagon;,Year,4.899662442856494e-35
*;vagon;,BMW;other;,Year,8.623786753813196e-53
*;vagon;,BMW;hatch;,Year,1.338325389051802e-31
*;vagon;,Mercedes-Benz;sedan;,Year,3.1659384670425593e-44
*;vagon;,Mercedes-Benz;van;,Year,1.1517616103312788e-23
*;vagon;,Mercedes-Benz;crossover;,Year,0.1502354010213105
*;vagon;,Mercedes-Benz;vagon;,Year,1.051057252959733e-29
*;vagon;,Mercedes-Benz;other;,Year,8.551909973188529e-09
*;vagon;,Mercedes-Benz;hatch;,Year,0.3697310282989476
*;vagon;,Audi;sedan;,Year,6.543791338827846e-64
*;vagon;,Audi;van;,Year,5.214573771084374
*;vagon;,Audi;crossover;,Year,1.2740945129261722e-26
*;vagon;,Audi;vagon;,Year,9.7196331389168e-40
*;vagon;,Audi;other;,Year,4.748796706197013e-37
*;vagon;,Audi;hatch;,Year,5.1742737621246826e-30
*;vagon;,Toyota;sedan;,Year,6.922604871041191e-28
*;vagon;,Toyota;van;,Year,7.598706086312974
*;vagon;,Toyota;crossover;,Year,1.429204482956221e-34
*;vagon;,Toyota;vagon;,Year,1.516920414958093e-12
*;vagon;,Toyota;other;,Year,2.327903335899344e-17
*;vagon;,Toyota;hatch;,Year,2.4078493699300576e-46
*;vagon;,Renault;sedan;,Year,5.240872560349123e-57
*;vagon;,Renault;van;,Year,2.3007036732546555e-58
*;vagon;,Renault;crossover;,Year,4.236686983808655e-08
*;vagon;,Renault;vagon;,Year,8.771442779978429e-76
*;vagon;,Renault;other;,Year,1.1247813903812134e-48
*;vagon;,Renault;hatch;,Year,4.65851819950316e-66
*;vagon;,Volkswagen;sedan;,Year,5.311723042642234e-58
*;vagon;,Volkswagen;van;,Year,1.7742715226099834e-72
*;vagon;,Volkswagen;crossover;,Year,6.133526713544307e-28
*;vagon;,Volkswagen;vagon;,Year,9.978799523900722e-63
*;vagon;,Volkswagen;other;,Year,5.258515759219334e-66
*;vagon;,Volkswagen;hatch;,Year,4.541520007812606e-46
*;vagon;,Mitsubishi;sedan;,Year,5.992675681400007e-16
*;vagon;,Mitsubishi;van;,Year,0.05236096894162884
*;vagon;,Mitsubishi;crossover;,Year,6.035402934092966e-23
*;vagon;,Mitsubishi;vagon;,Year,0.11742529030317743
*;vagon;,Mitsubishi;other;,Year,1.0592889790790906e-23
*;vagon;,Mitsubishi;hatch;,Year,0.000335063076419646
*;other;,*;hatch;,Year,1.0266780539125685e-57
*;other;,BMW;sedan;,Year,2.173750547409916e-47
*;other;,BMW;van;,Year,nan
*;other;,BMW;crossover;,Year,1.2137939917579205e-67
*;other;,BMW;vagon;,Year,2.141305552642755e-26
*;other;,BMW;other;,Year,1.2102546741241938e-55
*;other;,BMW;hatch;,Year,1.4590240367392297e-63
*;other;,Mercedes-Benz;sedan;,Year,5.430171352964699e-24
*;other;,Mercedes-Benz;van;,Year,6.3081352827137504e-71
*;other;,Mercedes-Benz;crossover;,Year,5.82412108197547e-51
*;other;,Mercedes-Benz;vagon;,Year,1.0372959325971257e-07
*;other;,Mercedes-Benz;other;,Year,1.095510948512867e-71
*;other;,Mercedes-Benz;hatch;,Year,2.258094159284214e-17
*;other;,Audi;sedan;,Year,2.1691695847861743e-58
*;other;,Audi;van;,Year,3.504233999860927
*;other;,Audi;crossover;,Year,1.4252104243975542e-41
*;other;,Audi;vagon;,Year,1.207858299727044e-06
*;other;,Audi;other;,Year,2.415281882135493e-23
*;other;,Audi;hatch;,Year,5.639349894333204e-23
*;other;,Toyota;sedan;,Year,2.402220022663757e-34
*;other;,Toyota;van;,Year,2.1681463843188073e-40
*;other;,Toyota;crossover;,Year,4.281492845345972e-81
*;other;,Toyota;vagon;,Year,1.7270995580497007e-13
*;other;,Toyota;other;,Year,1.1570320806132994e-43
*;other;,Toyota;hatch;,Year,1.716160181735334e-48
*;other;,Renault;sedan;,Year,3.3021615346184996e-58
*;other;,Renault;van;,Year,3.400641621833774e-31
*;other;,Renault;crossover;,Year,1.2307444728865257e-52
*;other;,Renault;vagon;,Year,1.8514898668313778e-32
*;other;,Renault;other;,Year,2.6905404348428603e-24
*;other;,Renault;hatch;,Year,1.7317160888048668e-37
*;other;,Volkswagen;sedan;,Year,1.338860318508985e-66
*;other;,Volkswagen;van;,Year,6.809784501181265e-34
*;other;,Volkswagen;crossover;,Year,8.65297992290085e-65
*;other;,Volkswagen;vagon;,Year,1.2470075793687367e-21
*;other;,Volkswagen;other;,Year,3.041619645091303e-26
*;other;,Volkswagen;hatch;,Year,4.910019053484995e-27
*;other;,Mitsubishi;sedan;,Year,6.093923397141191e-13
*;other;,Mitsubishi;van;,Year,0.09211847896674705
*;other;,Mitsubishi;crossover;,Year,5.915064483798141e-38
*;other;,Mitsubishi;vagon;,Year,1.7173702225785528
*;other;,Mitsubishi;other;,Year,3.492201477771166e-54
*;other;,Mitsubishi;hatch;,Year,7.947588167460875
*;hatch;,BMW;sedan;,Year,4.481038671178452e-66
*;hatch;,BMW;van;,Year,nan
*;hatch;,BMW;crossover;,Year,9.57696552633318e-33
*;hatch;,BMW;vagon;,Year,1.3116541152725074e-32
*;hatch;,BMW;other;,Year,4.811919913048995e-63
*;hatch;,BMW;hatch;,Year,5.8323606014757454e-46
*;hatch;,Mercedes-Benz;sedan;,Year,1.722077639613625e-47
*;hatch;,Mercedes-Benz;van;,Year,1.8251817663317985e-51
*;hatch;,Mercedes-Benz;crossover;,Year,6.274129428381295e-16
*;hatch;,Mercedes-Benz;vagon;,Year,3.2115246003722597e-35
*;hatch;,Mercedes-Benz;other;,Year,1.865864744193465e-27
*;hatch;,Mercedes-Benz;hatch;,Year,2.9511979548858915e-17
*;hatch;,Audi;sedan;,Year,3.778504540671863e-66
*;hatch;,Audi;van;,Year,2.286525946567315
*;hatch;,Audi;crossover;,Year,2.3576332521929977e-66
*;hatch;,Audi;vagon;,Year,8.849187675566334e-19
*;hatch;,Audi;other;,Year,6.398141656224642e-36
*;hatch;,Audi;hatch;,Year,4.102872458347528e-40
*;hatch;,Toyota;sedan;,Year,3.0892556653229004e-48
*;hatch;,Toyota;van;,Year,6.121372992341813e-05
*;hatch;,Toyota;crossover;,Year,2.5403127663098943e-61
*;hatch;,Toyota;vagon;,Year,4.90965546155749e-10
*;hatch;,Toyota;other;,Year,4.561044107292043e-36
*;hatch;,Toyota;hatch;,Year,1.4328354474368917e-66
*;hatch;,Renault;sedan;,Year,6.835980562179493e-65
*;hatch;,Renault;van;,Year,5.691055132794483e-42
*;hatch;,Renault;crossover;,Year,7.789180564097926e-16
*;hatch;,Renault;vagon;,Year,1.5859107481794588e-42
*;hatch;,Renault;other;,Year,4.619107926792752e-41
*;hatch;,Renault;hatch;,Year,2.038351436603567e-52
*;hatch;,Volkswagen;sedan;,Year,6.518326555085989e-68
*;hatch;,Volkswagen;van;,Year,9.060376618214492e-65
*;hatch;,Volkswagen;crossover;,Year,2.4702734613190388e-60
*;hatch;,Volkswagen;vagon;,Year,1.131510689632729e-38
*;hatch;,Volkswagen;other;,Year,9.122985226191347e-47
*;hatch;,Volkswagen;hatch;,Year,5.16851913437319e-72
*;hatch;,Mitsubishi;sedan;,Year,1.3899976409272221e-12
*;hatch;,Mitsubishi;van;,Year,0.0952135332205956
*;hatch;,Mitsubishi;crossover;,Year,1.1311188614539155e-30
*;hatch;,Mitsubishi;vagon;,Year,1.2932933251211272
*;hatch;,Mitsubishi;other;,Year,3.0921005979465184e-40
*;hatch;,Mitsubishi;hatch;,Year,5.904195715017382
BMW;sedan;,BMW;van;,Year,nan
BMW;sedan;,BMW;crossover;,Year,2.7534309934878727e-37
BMW;sedan;,BMW;vagon;,Year,3.577001438413929e-14
BMW;sedan;,BMW;other;,Year,5.0155745534268355e-46
BMW;sedan;,BMW;hatch;,Year,1.0127287523101577e-25
BMW;sedan;,Mercedes-Benz;sedan;,Year,7.3648798583630725e-59
BMW;sedan;,Mercedes-Benz;van;,Year,5.5525393120976275e-52
BMW;sedan;,Mercedes-Benz;crossover;,Year,3.8836266781328187e-19
BMW;sedan;,Mercedes-Benz;vagon;,Year,3.452275951881743e-30
BMW;sedan;,Mercedes-Benz;other;,Year,1.9162209285184212e-25
BMW;sedan;,Mercedes-Benz;hatch;,Year,1.2414940868582218e-08
BMW;sedan;,Audi;sedan;,Year,3.4255645987699024e-48
BMW;sedan;,Audi;van;,Year,5.739135524587852
BMW;sedan;,Audi;crossover;,Year,5.314633392185104e-52
BMW;sedan;,Audi;vagon;,Year,1.5053656476811714e-15
BMW;sedan;,Audi;other;,Year,4.5940335527986566e-24
BMW;sedan;,Audi;hatch;,Year,5.813231440463002e-64
BMW;sedan;,Toyota;sedan;,Year,6.840824253799583e-23
BMW;sedan;,Toyota;van;,Year,2.34830802793617e-08
BMW;sedan;,Toyota;crossover;,Year,3.1859805128714597e-57
BMW;sedan;,Toyota;vagon;,Year,5.6518428074937765e-05
BMW;sedan;,Toyota;other;,Year,3.518672283639775e-23
BMW;sedan;,Toyota;hatch;,Year,9.742773819260903e-38
BMW;sedan;,Renault;sedan;,Year,9.552030648645174e-58
BMW;sedan;,Renault;van;,Year,2.20237970446255e-21
BMW;sedan;,Renault;crossover;,Year,1.3237529128194516e-23
BMW;sedan;,Renault;vagon;,Year,9.444807401620434e-38
BMW;sedan;,Renault;other;,Year,7.241599651088898e-23
BMW;sedan;,Renault;hatch;,Year,2.1605785476134466e-52
BMW;sedan;,Volkswagen;sedan;,Year,3.452592128383979e-62
BMW;sedan;,Volkswagen;van;,Year,1.2612627316085681e-51
BMW;sedan;,Volkswagen;crossover;,Year,4.332889270436976e-47
BMW;sedan;,Volkswagen;vagon;,Year,4.616871409894019e-51
BMW;sedan;,Volkswagen;other;,Year,2.937564469728494e-44
BMW;sedan;,Volkswagen;hatch;,Year,6.675165295853572e-50
BMW;sedan;,Mitsubishi;sedan;,Year,0.23286500364523877
BMW;sedan;,Mitsubishi;van;,Year,7.880629528539076
BMW;sedan;,Mitsubishi;crossover;,Year,6.733453501805079e-15
BMW;sedan;,Mitsubishi;vagon;,Year,7.886010712751906
BMW;sedan;,Mitsubishi;other;,Year,7.992766688811659e-38
BMW;sedan;,Mitsubishi;hatch;,Year,6.517359346003762
BMW;van;,BMW;crossover;,Year,nan
BMW;van;,BMW;vagon;,Year,nan
BMW;van;,BMW;other;,Year,nan
BMW;van;,BMW;hatch;,Year,nan
BMW;van;,Mercedes-Benz;sedan;,Year,nan
BMW;van;,Mercedes-Benz;van;,Year,nan
BMW;van;,Mercedes-Benz;crossover;,Year,nan
BMW;van;,Mercedes-Benz;vagon;,Year,nan
BMW;van;,Mercedes-Benz;other;,Year,nan
BMW;van;,Mercedes-Benz;hatch;,Year,nan
BMW;van;,Audi;sedan;,Year,nan
BMW;van;,Audi;van;,Year,nan
BMW;van;,Audi;crossover;,Year,nan
BMW;van;,Audi;vagon;,Year,nan
BMW;van;,Audi;other;,Year,nan
BMW;van;,Audi;hatch;,Year,nan
BMW;van;,Toyota;sedan;,Year,nan
BMW;van;,Toyota;van;,Year,nan
BMW;van;,Toyota;crossover;,Year,nan
BMW;van;,Toyota;vagon;,Year,nan
BMW;van;,Toyota;other;,Year,nan
BMW;van;,Toyota;hatch;,Year,nan
BMW;van;,Renault;sedan;,Year,nan
BMW;van;,Renault;van;,Year,nan
BMW;van;,Renault;crossover;,Year,nan
BMW;van;,Renault;vagon;,Year,nan
BMW;van;,Renault;other;,Year,nan
BMW;van;,Renault;hatch;,Year,nan
BMW;van;,Volkswagen;sedan;,Year,nan
BMW;van;,Volkswagen;van;,Year,nan
BMW;van;,Volkswagen;crossover;,Year,nan
BMW;van;,Volkswagen;vagon;,Year,nan
BMW;van;,Volkswagen;other;,Year,nan
BMW;van;,Volkswagen;hatch;,Year,nan
BMW;van;,Mitsubishi;sedan;,Year,nan
BMW;van;,Mitsubishi;van;,Year,nan
BMW;van;,Mitsubishi;crossover;,Year,nan
BMW;van;,Mitsubishi;vagon;,Year,nan
BMW;van;,Mitsubishi;other;,Year,nan
BMW;van;,Mitsubishi;hatch;,Year,nan
BMW;crossover;,BMW;vagon;,Year,0.004470312826587075
BMW;crossover;,BMW;other;,Year,2.8988958227358486e-20
BMW;crossover;,BMW;hatch;,Year,9.096133791823824e-38
BMW;crossover;,Mercedes-Benz;sedan;,Year,1.1638091701507553e-16
BMW;crossover;,Mercedes-Benz;van;,Year,1.30446334348462e-67
BMW;crossover;,Mercedes-Benz;crossover;,Year,1.3009566139744016e-72
BMW;crossover;,Mercedes-Benz;vagon;,Year,0.006054561623082497
BMW;crossover;,Mercedes-Benz;other;,Year,1.3069625429613254e-79
BMW;crossover;,Mercedes-Benz;hatch;,Year,5.198537439642899e-20
BMW;crossover;,Audi;sedan;,Year,1.8909726159463198e-31
BMW;crossover;,Audi;van;,Year,2.9814125917433825
BMW;crossover;,Audi;crossover;,Year,1.2041320034094028e-33
BMW;crossover;,Audi;vagon;,Year,0.0880159557201645
BMW;crossover;,Audi;other;,Year,7.43044605544208e-05
BMW;crossover;,Audi;hatch;,Year,2.3725077993904927e-25
BMW;crossover;,Toyota;sedan;,Year,3.705487948056731e-15
BMW;crossover;,Toyota;van;,Year,7.535445792972879e-63
BMW;crossover;,Toyota;crossover;,Year,1.531011171241941e-73
BMW;crossover;,Toyota;vagon;,Year,1.2352303558626402e-08
BMW;crossover;,Toyota;other;,Year,1.6707428459054901e-34
BMW;crossover;,Toyota;hatch;,Year,1.4947604912731267e-20
BMW;crossover;,Renault;sedan;,Year,2.9556350586785974e-30
BMW;crossover;,Renault;van;,Year,0.0008286676530305684
BMW;crossover;,Renault;crossover;,Year,3.309216402509756e-73
BMW;crossover;,Renault;vagon;,Year,3.862759671841875e-10
BMW;crossover;,Renault;other;,Year,0.01761176649918463
BMW;crossover;,Renault;hatch;,Year,8.544369710228923e-17
BMW;crossover;,Volkswagen;sedan;,Year,2.5629629095743808e-42
BMW;crossover;,Volkswagen;van;,Year,1.3881258947478619e-12
BMW;crossover;,Volkswagen;crossover;,Year,3.176744319020064e-54
BMW;crossover;,Volkswagen;vagon;,Year,5.046379273927907e-12
BMW;crossover;,Volkswagen;other;,Year,3.7114021785690696e-06
BMW;crossover;,Volkswagen;hatch;,Year,4.140598756520006e-07
BMW;crossover;,Mitsubishi;sedan;,Year,0.14804633591333297
BMW;crossover;,Mitsubishi;van;,Year,5.406489558503218
BMW;crossover;,Mitsubishi;crossover;,Year,1.2529687177843317e-22
BMW;crossover;,Mitsubishi;vagon;,Year,7.765544468618288
BMW;crossover;,Mitsubishi;other;,Year,2.808854840968758e-45
BMW;crossover;,Mitsubishi;hatch;,Year,6.107572028167249
BMW;vagon;,BMW;other;,Year,9.155144323129379e-53
BMW;vagon;,BMW;hatch;,Year,6.1401130423264414e-21
BMW;vagon;,Mercedes-Benz;sedan;,Year,7.067571339953082e-23
BMW;vagon;,Mercedes-Benz;van;,Year,2.2515617923979815e-06
BMW;vagon;,Mercedes-Benz;crossover;,Year,6.3796925082998674
BMW;vagon;,Mercedes-Benz;vagon;,Year,1.3550137082213292
BMW;vagon;,Mercedes-Benz;other;,Year,6.844275237728473e-08
BMW;vagon;,Mercedes-Benz;hatch;,Year,1.081472615308381e-10
BMW;vagon;,Audi;sedan;,Year,5.3772160766110314e-42
BMW;vagon;,Audi;van;,Year,4.01811286407278
BMW;vagon;,Audi;crossover;,Year,5.009951271908186e-07
BMW;vagon;,Audi;vagon;,Year,0.023773318563880336
BMW;vagon;,Audi;other;,Year,4.298231596638501e-43
BMW;vagon;,Audi;hatch;,Year,0.03419558871442777
BMW;vagon;,Toyota;sedan;,Year,1.8799178842168175e-25
BMW;vagon;,Toyota;van;,Year,7.526660886902452
BMW;vagon;,Toyota;crossover;,Year,3.5383259612836814e-15
BMW;vagon;,Toyota;vagon;,Year,1.9236859939394557
BMW;vagon;,Toyota;other;,Year,0.4624409551494594
BMW;vagon;,Toyota;hatch;,Year,1.2087132816245648e-23
BMW;vagon;,Renault;sedan;,Year,3.320938448596894e-40
BMW;vagon;,Renault;van;,Year,5.279523900480539e-61
BMW;vagon;,Renault;crossover;,Year,5.886625867858195
BMW;vagon;,Renault;vagon;,Year,1.3845390978692413e-39
BMW;vagon;,Renault;other;,Year,3.699196865629179e-42
BMW;vagon;,Renault;hatch;,Year,1.1761841733726472e-29
BMW;vagon;,Volkswagen;sedan;,Year,8.260629760473837e-38
BMW;vagon;,Volkswagen;van;,Year,2.876668627584593e-20
BMW;vagon;,Volkswagen;crossover;,Year,3.97620162626022e-32
BMW;vagon;,Volkswagen;vagon;,Year,1.743227361899574e-06
BMW;vagon;,Volkswagen;other;,Year,1.1375034492988777e-46
BMW;vagon;,Volkswagen;hatch;,Year,2.4468954313240295e-35
BMW;vagon;,Mitsubishi;sedan;,Year,1.807479138860712e-12
BMW;vagon;,Mitsubishi;van;,Year,7.366593151127887
BMW;vagon;,Mitsubishi;crossover;,Year,3.614243073332358e-10
BMW;vagon;,Mitsubishi;vagon;,Year,0.0013154273797414458
BMW;vagon;,Mitsubishi;other;,Year,0.0002968089687920096
BMW;vagon;,Mitsubishi;hatch;,Year,6.677981541937144
BMW;other;,BMW;hatch;,Year,1.0411536288254516e-48
BMW;other;,Mercedes-Benz;sedan;,Year,7.108391771648159e-35
BMW;other;,Mercedes-Benz;van;,Year,1.4480578562303352e-35
BMW;other;,Mercedes-Benz;crossover;,Year,6.993958148619385e-08
BMW;other;,Mercedes-Benz;vagon;,Year,7.077322688275353e-13
BMW;other;,Mercedes-Benz;other;,Year,1.5114352334086517e-23
BMW;other;,Mercedes-Benz;hatch;,Year,1.7061093974267843e-06
BMW;other;,Audi;sedan;,Year,5.813054369809199e-57
BMW;other;,Audi;van;,Year,2.0606884243171284
BMW;other;,Audi;crossover;,Year,1.0445744278370033e-28
BMW;other;,Audi;vagon;,Year,9.61915166647959e-09
BMW;other;,Audi;other;,Year,2.503815180161005e-41
BMW;other;,Audi;hatch;,Year,1.1614874650403417e-22
BMW;other;,Toyota;sedan;,Year,1.0133272253704465e-41
BMW;other;,Toyota;van;,Year,0.0005750198788016072
BMW;other;,Toyota;crossover;,Year,2.4388451933168373e-47
BMW;other;,Toyota;vagon;,Year,0.00018052630286897434
BMW;other;,Toyota;other;,Year,2.722675486472492e-19
BMW;other;,Toyota;hatch;,Year,1.0348756264073905e-53
BMW;other;,Renault;sedan;,Year,2.2792376795174385e-71
BMW;other;,Renault;van;,Year,3.92079445169495e-61
BMW;other;,Renault;crossover;,Year,4.640108043326233e-11
BMW;other;,Renault;vagon;,Year,8.965927104502596e-54
BMW;other;,Renault;other;,Year,2.3566303366434532e-57
BMW;other;,Renault;hatch;,Year,7.442816341106833e-52
BMW;other;,Volkswagen;sedan;,Year,3.7550058298839174e-61
BMW;other;,Volkswagen;van;,Year,7.680918458923812e-49
BMW;other;,Volkswagen;crossover;,Year,1.7351482853282967e-48
BMW;other;,Volkswagen;vagon;,Year,7.572431717619637e-29
BMW;other;,Volkswagen;other;,Year,4.669532488492207e-54
BMW;other;,Volkswagen;hatch;,Year,6.1807113632499e-52
BMW;other;,Mitsubishi;sedan;,Year,3.004307867187025e-17
BMW;other;,Mitsubishi;van;,Year,0.00031868321814941433
BMW;other;,Mitsubishi;crossover;,Year,1.8707270450991963e-32
BMW;other;,Mitsubishi;vagon;,Year,0.8895360716959037
BMW;other;,Mitsubishi;other;,Year,1.4660904989028428e-30
BMW;other;,Mitsubishi;hatch;,Year,7.926912789541096
BMW;hatch;,Mercedes-Benz;sedan;,Year,0.0011075803112115506
BMW;hatch;,Mercedes-Benz;van;,Year,4.474470428012997e-62
BMW;hatch;,Mercedes-Benz;crossover;,Year,1.8341769310332842e-40
BMW;hatch;,Mercedes-Benz;vagon;,Year,4.73593552500629e-10
BMW;hatch;,Mercedes-Benz;other;,Year,6.923355325560626e-46
BMW;hatch;,Mercedes-Benz;hatch;,Year,0.058519622497222805
BMW;hatch;,Audi;sedan;,Year,9.936540219060295e-53
BMW;hatch;,Audi;van;,Year,3.1323216690199716
BMW;hatch;,Audi;crossover;,Year,8.331960013134126e-30
BMW;hatch;,Audi;vagon;,Year,7.425042558823898e-06
BMW;hatch;,Audi;other;,Year,2.4526777445223316e-07
BMW;hatch;,Audi;hatch;,Year,2.079318065979163e-07
BMW;hatch;,Toyota;sedan;,Year,5.242236476576115e-18
BMW;hatch;,Toyota;van;,Year,3.072193252879228e-26
BMW;hatch;,Toyota;crossover;,Year,1.812190677261618e-60
BMW;hatch;,Toyota;vagon;,Year,6.961378981492883e-16
BMW;hatch;,Toyota;other;,Year,2.8569233020596472e-61
BMW;hatch;,Toyota;hatch;,Year,1.2016998308031764e-65
BMW;hatch;,Renault;sedan;,Year,1.985993953612796e-41
BMW;hatch;,Renault;van;,Year,4.494155089875912e-39
BMW;hatch;,Renault;crossover;,Year,5.463705313695256e-37
BMW;hatch;,Renault;vagon;,Year,2.1442397558145423e-31
BMW;hatch;,Renault;other;,Year,3.1227863291560667e-46
BMW;hatch;,Renault;hatch;,Year,8.845806550948844e-34
BMW;hatch;,Volkswagen;sedan;,Year,3.2021844798742356e-56
BMW;hatch;,Volkswagen;van;,Year,1.8523365754796074e-40
BMW;hatch;,Volkswagen;crossover;,Year,2.6137457462108307e-37
BMW;hatch;,Volkswagen;vagon;,Year,7.099298372502492e-18
BMW;hatch;,Volkswagen;other;,Year,2.0560713801742242e-16
BMW;hatch;,Volkswagen;hatch;,Year,4.0830085282746353e-22
BMW;hatch;,Mitsubishi;sedan;,Year,9.03860549473662e-09
BMW;hatch;,Mitsubishi;van;,Year,0.0024511779963607293
BMW;hatch;,Mitsubishi;crossover;,Year,8.019281461413449e-33
BMW;hatch;,Mitsubishi;vagon;,Year,2.8383901646711784
BMW;hatch;,Mitsubishi;other;,Year,2.0240215817448337e-42
BMW;hatch;,Mitsubishi;hatch;,Year,6.6662052413382655
Mercedes-Benz;sedan;,Mercedes-Benz;van;,Year,3.7980478526921657e-14
Mercedes-Benz;sedan;,Mercedes-Benz;crossover;,Year,1.334527457705988
Mercedes-Benz;sedan;,Mercedes-Benz;vagon;,Year,6.866391509966876e-18
Mercedes-Benz;sedan;,Mercedes-Benz;other;,Year,4.958949697116932e-08
Mercedes-Benz;sedan;,Mercedes-Benz;hatch;,Year,6.280513508330595e-16
Mercedes-Benz;sedan;,Audi;sedan;,Year,1.591692601741769e-31
Mercedes-Benz;sedan;,Audi;van;,Year,2.5605939002967357
Mercedes-Benz;sedan;,Audi;crossover;,Year,9.452155264579513e-29
Mercedes-Benz;sedan;,Audi;vagon;,Year,1.0645021102492179e-12
Mercedes-Benz;sedan;,Audi;other;,Year,1.1828697307021523e-37
Mercedes-Benz;sedan;,Audi;hatch;,Year,2.7539878012279337e-58
Mercedes-Benz;sedan;,Toyota;sedan;,Year,7.174546561084562e-33
Mercedes-Benz;sedan;,Toyota;van;,Year,7.513430705854088
Mercedes-Benz;sedan;,Toyota;crossover;,Year,1.8164685733250074e-28
Mercedes-Benz;sedan;,Toyota;vagon;,Year,7.970255316598465
Mercedes-Benz;sedan;,Toyota;other;,Year,0.8138338996014388
Mercedes-Benz;sedan;,Toyota;hatch;,Year,6.268424729030995e-14
Mercedes-Benz;sedan;,Renault;sedan;,Year,7.79408994403883e-50
Mercedes-Benz;sedan;,Renault;van;,Year,1.5084642226808848e-16
Mercedes-Benz;sedan;,Renault;crossover;,Year,1.895101920543285e-05
Mercedes-Benz;sedan;,Renault;vagon;,Year,3.60326977448765e-39
Mercedes-Benz;sedan;,Renault;other;,Year,6.7645916295906614e-12
Mercedes-Benz;sedan;,Renault;hatch;,Year,3.872287516159502e-38
Mercedes-Benz;sedan;,Volkswagen;sedan;,Year,2.9082692755073003e-40
Mercedes-Benz;sedan;,Volkswagen;van;,Year,9.913203665717892e-34
Mercedes-Benz;sedan;,Volkswagen;crossover;,Year,4.738853158429768e-41
Mercedes-Benz;sedan;,Volkswagen;vagon;,Year,1.1646740145781038e-43
Mercedes-Benz;sedan;,Volkswagen;other;,Year,9.978223627507607e-56
Mercedes-Benz;sedan;,Volkswagen;hatch;,Year,3.112705510455089e-42
Mercedes-Benz;sedan;,Mitsubishi;sedan;,Year,1.771893849736351e-05
Mercedes-Benz;sedan;,Mitsubishi;van;,Year,4.715851726578613
Mercedes-Benz;sedan;,Mitsubishi;crossover;,Year,3.25113554251806e-13
Mercedes-Benz;sedan;,Mitsubishi;vagon;,Year,3.045001955263409
Mercedes-Benz;sedan;,Mitsubishi;other;,Year,4.298184997161995e-18
Mercedes-Benz;sedan;,Mitsubishi;hatch;,Year,7.944026272493899
Mercedes-Benz;van;,Mercedes-Benz;crossover;,Year,1.536378656335771e-66
Mercedes-Benz;van;,Mercedes-Benz;vagon;,Year,5.598029150483972e-15
Mercedes-Benz;van;,Mercedes-Benz;other;,Year,2.2486336519890505e-62
Mercedes-Benz;van;,Mercedes-Benz;hatch;,Year,5.42318196169823e-08
Mercedes-Benz;van;,Audi;sedan;,Year,3.0892394362122035e-45
Mercedes-Benz;van;,Audi;van;,Year,7.4895160904822164
Mercedes-Benz;van;,Audi;crossover;,Year,8.839474726909372e-51
Mercedes-Benz;van;,Audi;vagon;,Year,5.604568862915565e-05
Mercedes-Benz;van;,Audi;other;,Year,5.972255459895694e-06
Mercedes-Benz;van;,Audi;hatch;,Year,1.609962329030774e-28
Mercedes-Benz;van;,Toyota;sedan;,Year,5.123542062285246e-16
Mercedes-Benz;van;,Toyota;van;,Year,1.9217194105366864e-47
Mercedes-Benz;van;,Toyota;crossover;,Year,6.580137019440973e-79
Mercedes-Benz;van;,Toyota;vagon;,Year,2.6323432483113e-14
Mercedes-Benz;van;,Toyota;other;,Year,1.494384653348557e-63
Mercedes-Benz;van;,Toyota;hatch;,Year,8.684794468381327e-49
Mercedes-Benz;van;,Renault;sedan;,Year,1.7455952050440574e-43
Mercedes-Benz;van;,Renault;van;,Year,6.7297383305620996e-15
Mercedes-Benz;van;,Renault;crossover;,Year,5.8634658840403935e-58
Mercedes-Benz;van;,Renault;vagon;,Year,2.8170169781894164e-19
Mercedes-Benz;van;,Renault;other;,Year,1.5333404928938969e-18
Mercedes-Benz;van;,Renault;hatch;,Year,2.36390114855328e-32
Mercedes-Benz;van;,Volkswagen;sedan;,Year,1.130873624182181e-60
Mercedes-Benz;van;,Volkswagen;van;,Year,5.253161132492748e-35
Mercedes-Benz;van;,Volkswagen;crossover;,Year,3.025070991645028e-48
Mercedes-Benz;van;,Volkswagen;vagon;,Year,1.339385583369157e-23
Mercedes-Benz;van;,Volkswagen;other;,Year,3.450715639119614e-14
Mercedes-Benz;van;,Volkswagen;hatch;,Year,1.8128861049088752e-22
Mercedes-Benz;van;,Mitsubishi;sedan;,Year,0.011641784838657084
Mercedes-Benz;van;,Mitsubishi;van;,Year,6.019397538844156
Mercedes-Benz;van;,Mitsubishi;crossover;,Year,3.0487207727554883e-24
Mercedes-Benz;van;,Mitsubishi;vagon;,Year,3.822361780667922
Mercedes-Benz;van;,Mitsubishi;other;,Year,2.811067362157268e-56
Mercedes-Benz;van;,Mitsubishi;hatch;,Year,4.904508681386719
Mercedes-Benz;crossover;,Mercedes-Benz;vagon;,Year,0.10466162119065711
Mercedes-Benz;crossover;,Mercedes-Benz;other;,Year,1.0719423587288065e-70
Mercedes-Benz;crossover;,Mercedes-Benz;hatch;,Year,1.09028333751826e-06
Mercedes-Benz;crossover;,Audi;sedan;,Year,4.872599727701704e-15
Mercedes-Benz;crossover;,Audi;van;,Year,5.405223369739491
Mercedes-Benz;crossover;,Audi;crossover;,Year,6.218576637668254e-25
Mercedes-Benz;crossover;,Audi;vagon;,Year,6.28200895380678
Mercedes-Benz;crossover;,Audi;other;,Year,7.8832458166502555
Mercedes-Benz;crossover;,Audi;hatch;,Year,4.005364734260249e-10
Mercedes-Benz;crossover;,Toyota;sedan;,Year,0.002242923638737472
Mercedes-Benz;crossover;,Toyota;van;,Year,3.15722622256144e-74
Mercedes-Benz;crossover;,Toyota;crossover;,Year,3.551419630644999e-57
Mercedes-Benz;crossover;,Toyota;vagon;,Year,8.47686419078663e-10
Mercedes-Benz;crossover;,Toyota;other;,Year,1.7736213658781846e-48
Mercedes-Benz;crossover;,Toyota;hatch;,Year,8.567445693561635e-18
Mercedes-Benz;crossover;,Renault;sedan;,Year,6.986188004181695e-12
Mercedes-Benz;crossover;,Renault;van;,Year,4.354177482609237
Mercedes-Benz;crossover;,Renault;crossover;,Year,1.2288078081221249e-72
Mercedes-Benz;crossover;,Renault;vagon;,Year,0.5359146756167898
Mercedes-Benz;crossover;,Renault;other;,Year,1.7355874855521025
Mercedes-Benz;crossover;,Renault;hatch;,Year,1.1794658834241919e-05
Mercedes-Benz;crossover;,Volkswagen;sedan;,Year,4.302056560267406e-25
Mercedes-Benz;crossover;,Volkswagen;van;,Year,4.572505785403976e-05
Mercedes-Benz;crossover;,Volkswagen;crossover;,Year,1.4991447500792063e-27
Mercedes-Benz;crossover;,Volkswagen;vagon;,Year,0.0018407496613300348
Mercedes-Benz;crossover;,Volkswagen;other;,Year,7.97884215686386
Mercedes-Benz;crossover;,Volkswagen;hatch;,Year,1.0373020081396547
Mercedes-Benz;crossover;,Mitsubishi;sedan;,Year,5.927090731151606
Mercedes-Benz;crossover;,Mitsubishi;van;,Year,7.003229064427641
Mercedes-Benz;crossover;,Mitsubishi;crossover;,Year,3.067820698154772e-14
Mercedes-Benz;crossover;,Mitsubishi;vagon;,Year,4.95594135985816
Mercedes-Benz;crossover;,Mitsubishi;other;,Year,1.621966236440733e-41
Mercedes-Benz;crossover;,Mitsubishi;hatch;,Year,2.112170729743581
Mercedes-Benz;vagon;,Mercedes-Benz;other;,Year,6.509866549720331
Mercedes-Benz;vagon;,Mercedes-Benz;hatch;,Year,7.885437985103644
Mercedes-Benz;vagon;,Audi;sedan;,Year,7.320668677065292e-12
Mercedes-Benz;vagon;,Audi;van;,Year,1.9509384380352452
Mercedes-Benz;vagon;,Audi;crossover;,Year,1.2531414659627096e-47
Mercedes-Benz;vagon;,Audi;vagon;,Year,1.8487152473739013e-33
Mercedes-Benz;vagon;,Audi;other;,Year,1.5745382153119486e-18
Mercedes-Benz;vagon;,Audi;hatch;,Year,1.2086064159746997e-32
Mercedes-Benz;vagon;,Toyota;sedan;,Year,3.588896558813446e-12
Mercedes-Benz;vagon;,Toyota;van;,Year,5.184390714205556
Mercedes-Benz;vagon;,Toyota;crossover;,Year,4.341317024474666e-13
Mercedes-Benz;vagon;,Toyota;vagon;,Year,0.5943367417244828
Mercedes-Benz;vagon;,Toyota;other;,Year,3.723974473892716e-23
Mercedes-Benz;vagon;,Toyota;hatch;,Year,4.364815621598319e-35
Mercedes-Benz;vagon;,Renault;sedan;,Year,6.023327220946051e-12
Mercedes-Benz;vagon;,Renault;van;,Year,6.644773922442778e-07
Mercedes-Benz;vagon;,Renault;crossover;,Year,0.009344668440266534
Mercedes-Benz;vagon;,Renault;vagon;,Year,3.532947394599039e-11
Mercedes-Benz;vagon;,Renault;other;,Year,3.6126115814930804e-08
Mercedes-Benz;vagon;,Renault;hatch;,Year,3.906144189078266e-18
Mercedes-Benz;vagon;,Volkswagen;sedan;,Year,6.516259037232799e-16
Mercedes-Benz;vagon;,Volkswagen;van;,Year,5.305156968074075e-41
Mercedes-Benz;vagon;,Volkswagen;crossover;,Year,0.005488362220599724
Mercedes-Benz;vagon;,Volkswagen;vagon;,Year,2.0011540033124633e-30
Mercedes-Benz;vagon;,Volkswagen;other;,Year,4.6746801161221584e-20
Mercedes-Benz;vagon;,Volkswagen;hatch;,Year,2.372753527913189e-36
Mercedes-Benz;vagon;,Mitsubishi;sedan;,Year,4.2341785141031843e-07
Mercedes-Benz;vagon;,Mitsubishi;van;,Year,2.9434436656973464
Mercedes-Benz;vagon;,Mitsubishi;crossover;,Year,4.738936379505084e-06
Mercedes-Benz;vagon;,Mitsubishi;vagon;,Year,0.3322133999552907
Mercedes-Benz;vagon;,Mitsubishi;other;,Year,5.498098666977354e-14
Mercedes-Benz;vagon;,Mitsubishi;hatch;,Year,0.060294510418948476
Mercedes-Benz;other;,Mercedes-Benz;hatch;,Year,8.936484198433862e-22
Mercedes-Benz;other;,Audi;sedan;,Year,1.25943567721469e-33
Mercedes-Benz;other;,Audi;van;,Year,5.225108356128417
Mercedes-Benz;other;,Audi;crossover;,Year,3.0170910115079e-23
Mercedes-Benz;other;,Audi;vagon;,Year,1.5547458794881863
Mercedes-Benz;other;,Audi;other;,Year,0.0001603586632886738
Mercedes-Benz;other;,Audi;hatch;,Year,7.679551545328967e-10
Mercedes-Benz;other;,Toyota;sedan;,Year,1.7681160537972654e-16
Mercedes-Benz;other;,Toyota;van;,Year,4.522429689692168e-65
Mercedes-Benz;other;,Toyota;crossover;,Year,2.3578110194370185e-68
Mercedes-Benz;other;,Toyota;vagon;,Year,3.711317026695931e-11
Mercedes-Benz;other;,Toyota;other;,Year,3.517034975246878e-34
Mercedes-Benz;other;,Toyota;hatch;,Year,7.177843339582944e-21
Mercedes-Benz;other;,Renault;sedan;,Year,2.1215661507610374e-28
Mercedes-Benz;other;,Renault;van;,Year,1.541189502340904e-07
Mercedes-Benz;other;,Renault;crossover;,Year,1.7343576011904672e-66
Mercedes-Benz;other;,Renault;vagon;,Year,4.781040745844319e-09
Mercedes-Benz;other;,Renault;other;,Year,0.00011620169431896481
Mercedes-Benz;other;,Renault;hatch;,Year,6.416445447580851e-13
Mercedes-Benz;other;,Volkswagen;sedan;,Year,5.128570620534322e-39
Mercedes-Benz;other;,Volkswagen;van;,Year,6.276448007405568e-09
Mercedes-Benz;other;,Volkswagen;crossover;,Year,5.0355344467991396e-54
Mercedes-Benz;other;,Volkswagen;vagon;,Year,2.802488575410392e-05
Mercedes-Benz;other;,Volkswagen;other;,Year,0.0009221795473859474
Mercedes-Benz;other;,Volkswagen;hatch;,Year,4.149748468781845e-05
Mercedes-Benz;other;,Mitsubishi;sedan;,Year,0.001628741277592621
Mercedes-Benz;other;,Mitsubishi;van;,Year,0.5271235675047244
Mercedes-Benz;other;,Mitsubishi;crossover;,Year,3.628278815568971e-26
Mercedes-Benz;other;,Mitsubishi;vagon;,Year,7.942723482957305
Mercedes-Benz;other;,Mitsubishi;other;,Year,1.161919767576763e-42
Mercedes-Benz;other;,Mitsubishi;hatch;,Year,6.381850602060283
Mercedes-Benz;hatch;,Audi;sedan;,Year,2.5718180465882717e-12
Mercedes-Benz;hatch;,Audi;van;,Year,7.19493989687782
Mercedes-Benz;hatch;,Audi;crossover;,Year,2.7891001787793538e-21
Mercedes-Benz;hatch;,Audi;vagon;,Year,0.1720824496785459
Mercedes-Benz;hatch;,Audi;other;,Year,2.4287093766294957e-06
Mercedes-Benz;hatch;,Audi;hatch;,Year,2.546390205985618
Mercedes-Benz;hatch;,Toyota;sedan;,Year,2.462384709757588e-32
Mercedes-Benz;hatch;,Toyota;van;,Year,6.200655114019621e-05
Mercedes-Benz;hatch;,Toyota;crossover;,Year,1.0493407569593769e-13
Mercedes-Benz;hatch;,Toyota;vagon;,Year,7.917855934050939
Mercedes-Benz;hatch;,Toyota;other;,Year,0.014991683492717392
Mercedes-Benz;hatch;,Toyota;hatch;,Year,0.2680522554154983
Mercedes-Benz;hatch;,Renault;sedan;,Year,6.6637302978098724e-09
Mercedes-Benz;hatch;,Renault;van;,Year,4.020334889943546
Mercedes-Benz;hatch;,Renault;crossover;,Year,0.013646215225414081
Mercedes-Benz;hatch;,Renault;vagon;,Year,7.948326076047954
Mercedes-Benz;hatch;,Renault;other;,Year,7.543677685468071
Mercedes-Benz;hatch;,Renault;hatch;,Year,7.461004506781304
Mercedes-Benz;hatch;,Volkswagen;sedan;,Year,8.82239298317357e-07
Mercedes-Benz;hatch;,Volkswagen;van;,Year,0.011019988636965605
Mercedes-Benz;hatch;,Volkswagen;crossover;,Year,1.7438444946775536e-43
Mercedes-Benz;hatch;,Volkswagen;vagon;,Year,6.825058611853117
Mercedes-Benz;hatch;,Volkswagen;other;,Year,0.8356735519904624
Mercedes-Benz;hatch;,Volkswagen;hatch;,Year,2.518813892883529e-16
Mercedes-Benz;hatch;,Mitsubishi;sedan;,Year,9.593296386837336e-05
Mercedes-Benz;hatch;,Mitsubishi;van;,Year,0.6245255603042857
Mercedes-Benz;hatch;,Mitsubishi;crossover;,Year,9.238357542158316e-08
Mercedes-Benz;hatch;,Mitsubishi;vagon;,Year,2.828551343655815
Mercedes-Benz;hatch;,Mitsubishi;other;,Year,4.380292210016768e-06
Mercedes-Benz;hatch;,Mitsubishi;hatch;,Year,1.1194016661632238
Audi;sedan;,Audi;van;,Year,5.465309785773146
Audi;sedan;,Audi;crossover;,Year,3.037676078140511e-34
Audi;sedan;,Audi;vagon;,Year,1.5050886825380214e-19
Audi;sedan;,Audi;other;,Year,5.989892130139732e-23
Audi;sedan;,Audi;hatch;,Year,4.106486358387521e-18
Audi;sedan;,Toyota;sedan;,Year,9.739757578951785e-33
Audi;sedan;,Toyota;van;,Year,1.282791552228909e-06
Audi;sedan;,Toyota;crossover;,Year,1.4892904107322645e-56
Audi;sedan;,Toyota;vagon;,Year,2.7984466625626684e-26
Audi;sedan;,Toyota;other;,Year,1.0612839998773836e-30
Audi;sedan;,Toyota;hatch;,Year,5.132311507561534e-55
Audi;sedan;,Renault;sedan;,Year,1.5457729997870803e-60
Audi;sedan;,Renault;van;,Year,8.520800133759337e-59
Audi;sedan;,Renault;crossover;,Year,1.0785421979484746e-17
Audi;sedan;,Renault;vagon;,Year,1.6927931013181103e-58
Audi;sedan;,Renault;other;,Year,4.265726401685835e-52
Audi;sedan;,Renault;hatch;,Year,1.6307961362677347e-60
Audi;sedan;,Volkswagen;sedan;,Year,1.3438969676408423e-70
Audi;sedan;,Volkswagen;van;,Year,4.095999689779706e-61
Audi;sedan;,Volkswagen;crossover;,Year,3.437845765166452e-58
Audi;sedan;,Volkswagen;vagon;,Year,1.600060560740426e-36
Audi;sedan;,Volkswagen;other;,Year,6.682103608420841e-42
Audi;sedan;,Volkswagen;hatch;,Year,4.239532521174706e-47
Audi;sedan;,Mitsubishi;sedan;,Year,9.65014945840928e-10
Audi;sedan;,Mitsubishi;van;,Year,0.281394305376208
Audi;sedan;,Mitsubishi;crossover;,Year,2.6098503880689675e-28
Audi;sedan;,Mitsubishi;vagon;,Year,1.491254398237614
Audi;sedan;,Mitsubishi;other;,Year,6.213590787044823e-29
Audi;sedan;,Mitsubishi;hatch;,Year,0.12428608209249609
Audi;van;,Audi;crossover;,Year,2.133772001953495
Audi;van;,Audi;vagon;,Year,5.468598718990087
Audi;van;,Audi;other;,Year,2.128488040217891
Audi;van;,Audi;hatch;,Year,5.006836741699724
Audi;van;,Toyota;sedan;,Year,2.4605928923998057
Audi;van;,Toyota;van;,Year,5.787301320225808
Audi;van;,Toyota;crossover;,Year,2.7842289400142404
Audi;van;,Toyota;vagon;,Year,4.677753123043387
Audi;van;,Toyota;other;,Year,3.4505880551292276
Audi;van;,Toyota;hatch;,Year,3.595561518877231
Audi;van;,Renault;sedan;,Year,0.9651197829045395
Audi;van;,Renault;van;,Year,2.9670312921023494
Audi;van;,Renault;crossover;,Year,4.6917715383069485
Audi;van;,Renault;vagon;,Year,2.145729030453759
Audi;van;,Renault;other;,Year,6.791672987410555
Audi;van;,Renault;hatch;,Year,1.3277285142194901
Audi;van;,Volkswagen;sedan;,Year,1.766450320880944
Audi;van;,Volkswagen;van;,Year,3.3452635070124686
Audi;van;,Volkswagen;crossover;,Year,1.908412300466286
Audi;van;,Volkswagen;vagon;,Year,6.190817633038533
Audi;van;,Volkswagen;other;,Year,7.554256691728809
Audi;van;,Volkswagen;hatch;,Year,3.7443539408238995
Audi;van;,Mitsubishi;sedan;,Year,3.0457710392303476
Audi;van;,Mitsubishi;van;,Year,0.0006079441162449965
Audi;van;,Mitsubishi;crossover;,Year,4.053190302926182
Audi;van;,Mitsubishi;vagon;,Year,4.771215175697597
Audi;van;,Mitsubishi;other;,Year,7.423973096466255
Audi;van;,Mitsubishi;hatch;,Year,0.9939133719316701
Audi;crossover;,Audi;vagon;,Year,2.859945459518184e-16
Audi;crossover;,Audi;other;,Year,1.8175686495691358e-22
Audi;crossover;,Audi;hatch;,Year,2.2343622125192198e-35
Audi;crossover;,Toyota;sedan;,Year,6.5196443227756555e-34
Audi;crossover;,Toyota;van;,Year,3.434625757399513e-08
Audi;crossover;,Toyota;crossover;,Year,3.3952503955642445e-49
Audi;crossover;,Toyota;vagon;,Year,3.8397906925491153e-07
Audi;crossover;,Toyota;other;,Year,5.749866550547145e-47
Audi;crossover;,Toyota;hatch;,Year,8.786972472458845e-50
Audi;crossover;,Renault;sedan;,Year,2.4319404430803828e-33
Audi;crossover;,Renault;van;,Year,1.4658581991884032e-10
Audi;crossover;,Renault;crossover;,Year,3.1526230457806304e-17
Audi;crossover;,Renault;vagon;,Year,2.724618210667721e-11
Audi;crossover;,Renault;other;,Year,1.4853707182045373e-11
Audi;crossover;,Renault;hatch;,Year,6.04619322348382e-23
Audi;crossover;,Volkswagen;sedan;,Year,3.043496467252682e-41
Audi;crossover;,Volkswagen;van;,Year,3.3223491008579424e-44
Audi;crossover;,Volkswagen;crossover;,Year,1.108264828748671e-39
Audi;crossover;,Volkswagen;vagon;,Year,4.544038119619521e-23
Audi;crossover;,Volkswagen;other;,Year,5.090282116126962e-19
Audi;crossover;,Volkswagen;hatch;,Year,5.161008352165623e-55
Audi;crossover;,Mitsubishi;sedan;,Year,3.2502711812031597e-07
Audi;crossover;,Mitsubishi;van;,Year,7.4703842543242605
Audi;crossover;,Mitsubishi;crossover;,Year,4.2920208277232265e-16
Audi;crossover;,Mitsubishi;vagon;,Year,6.336000821127752
Audi;crossover;,Mitsubishi;other;,Year,1.2706976976445491e-37
Audi;crossover;,Mitsubishi;hatch;,Year,2.0091561837685314
Audi;vagon;,Audi;other;,Year,2.7548960647601226e-15
Audi;vagon;,Audi;hatch;,Year,1.1681598166340008e-07
Audi;vagon;,Toyota;sedan;,Year,4.0623971894428856e-08
Audi;vagon;,Toyota;van;,Year,3.327781606633014
Audi;vagon;,Toyota;crossover;,Year,5.784745638891446e-07
Audi;vagon;,Toyota;vagon;,Year,0.00023736030610816398
Audi;vagon;,Toyota;other;,Year,4.4023487149740605e-08
Audi;vagon;,Toyota;hatch;,Year,3.0823949531695257e-12
Audi;vagon;,Renault;sedan;,Year,2.425190654779591e-08
Audi;vagon;,Renault;van;,Year,3.1432151409429055e-13
Audi;vagon;,Renault;crossover;,Year,0.010794603493398778
Audi;vagon;,Renault;vagon;,Year,3.221463704272804e-16
Audi;vagon;,Renault;other;,Year,6.476919471302898e-06
Audi;vagon;,Renault;hatch;,Year,5.0645911176827625e-12
Audi;vagon;,Volkswagen;sedan;,Year,1.692359683459133e-08
Audi;vagon;,Volkswagen;van;,Year,6.1515454177102955e-33
Audi;vagon;,Volkswagen;crossover;,Year,0.014981030153446614
Audi;vagon;,Volkswagen;vagon;,Year,1.464513692018558e-20
Audi;vagon;,Volkswagen;other;,Year,4.66573163212983e-16
Audi;vagon;,Volkswagen;hatch;,Year,3.7970737039654025e-21
Audi;vagon;,Mitsubishi;sedan;,Year,8.61905970099478e-07
Audi;vagon;,Mitsubishi;van;,Year,0.0228746329050849
Audi;vagon;,Mitsubishi;crossover;,Year,0.009098291105374032
Audi;vagon;,Mitsubishi;vagon;,Year,0.011228707180838295
Audi;vagon;,Mitsubishi;other;,Year,1.2411058498652376e-05
Audi;vagon;,Mitsubishi;hatch;,Year,8.425306569476883e-21
Audi;other;,Audi;hatch;,Year,1.1705237333433407e-20
Audi;other;,Toyota;sedan;,Year,1.286332000990061e-31
Audi;other;,Toyota;van;,Year,7.024663468279513
Audi;other;,Toyota;crossover;,Year,6.0358632964208935e-15
Audi;other;,Toyota;vagon;,Year,0.2421601254730136
Audi;other;,Toyota;other;,Year,0.7631331200450356
Audi;other;,Toyota;hatch;,Year,3.671648631345826e-21
Audi;other;,Renault;sedan;,Year,7.368324243877919e-33
Audi;other;,Renault;van;,Year,3.3634062446881675e-37
Audi;other;,Renault;crossover;,Year,0.29687455125889367
Audi;other;,Renault;vagon;,Year,8.89415829235237e-28
Audi;other;,Renault;other;,Year,1.2098908255831263e-11
Audi;other;,Renault;hatch;,Year,3.5571192216779648e-28
Audi;other;,Volkswagen;sedan;,Year,5.783099881559952e-24
Audi;other;,Volkswagen;van;,Year,1.4320814379562888e-18
Audi;other;,Volkswagen;crossover;,Year,7.411872046510531e-17
Audi;other;,Volkswagen;vagon;,Year,3.2260276238579903e-12
Audi;other;,Volkswagen;other;,Year,2.7844085361671946e-52
Audi;other;,Volkswagen;hatch;,Year,3.28103861220734e-38
Audi;other;,Mitsubishi;sedan;,Year,8.187968359509023e-23
Audi;other;,Mitsubishi;van;,Year,7.105031577572945
Audi;other;,Mitsubishi;crossover;,Year,3.92200537236592e-08
Audi;other;,Mitsubishi;vagon;,Year,0.010405572434915382
Audi;other;,Mitsubishi;other;,Year,1.6048109906098482e-06
Audi;other;,Mitsubishi;hatch;,Year,2.0413441574035875
Audi;hatch;,Toyota;sedan;,Year,7.683791377118883e-11
Audi;hatch;,Toyota;van;,Year,0.0008452049423010696
Audi;hatch;,Toyota;crossover;,Year,3.6950333501100255e-36
Audi;hatch;,Toyota;vagon;,Year,2.729071915584194
Audi;hatch;,Toyota;other;,Year,2.804308288731116e-07
Audi;hatch;,Toyota;hatch;,Year,6.298509062482545e-20
Audi;hatch;,Renault;sedan;,Year,2.6574303077619636e-35
Audi;hatch;,Renault;van;,Year,5.075848147323399e-06
Audi;hatch;,Renault;crossover;,Year,1.6952643522917226e-20
Audi;hatch;,Renault;vagon;,Year,4.627475618304966e-27
Audi;hatch;,Renault;other;,Year,6.232520816442974e-07
Audi;hatch;,Renault;hatch;,Year,7.831244644844351e-40
Audi;hatch;,Volkswagen;sedan;,Year,6.9378361579696666e-37
Audi;hatch;,Volkswagen;van;,Year,2.498624218999253e-28
Audi;hatch;,Volkswagen;crossover;,Year,1.8007632006009482e-22
Audi;hatch;,Volkswagen;vagon;,Year,3.7607354471950794e-48
Audi;hatch;,Volkswagen;other;,Year,1.3497432832761115e-37
Audi;hatch;,Volkswagen;hatch;,Year,1.5064154707723023e-25
Audi;hatch;,Mitsubishi;sedan;,Year,5.3359169263381885
Audi;hatch;,Mitsubishi;van;,Year,5.046012715672835
Audi;hatch;,Mitsubishi;crossover;,Year,7.021405598018975e-08
Audi;hatch;,Mitsubishi;vagon;,Year,3.398127704193391
Audi;hatch;,Mitsubishi;other;,Year,1.3187328584805901e-24
Audi;hatch;,Mitsubishi;hatch;,Year,4.993385236875646
Toyota;sedan;,Toyota;van;,Year,1.6137012260950057
Toyota;sedan;,Toyota;crossover;,Year,7.056573058769888e-29
Toyota;sedan;,Toyota;vagon;,Year,3.4451007207424353e-06
Toyota;sedan;,Toyota;other;,Year,2.9487041167942724e-15
Toyota;sedan;,Toyota;hatch;,Year,2.6077234151709788e-34
Toyota;sedan;,Renault;sedan;,Year,4.375553506377571e-41
Toyota;sedan;,Renault;van;,Year,3.1039496866178557e-21
Toyota;sedan;,Renault;crossover;,Year,0.04935892906436397
Toyota;sedan;,Renault;vagon;,Year,1.054375592833147e-18
Toyota;sedan;,Renault;other;,Year,1.8256376265785742e-16
Toyota;sedan;,Renault;hatch;,Year,2.391151555974065e-14
Toyota;sedan;,Volkswagen;sedan;,Year,2.9541767055542633e-25
Toyota;sedan;,Volkswagen;van;,Year,3.7401775982318743e-31
Toyota;sedan;,Volkswagen;crossover;,Year,1.7642118776565448e-44
Toyota;sedan;,Volkswagen;vagon;,Year,1.576308464174481e-15
Toyota;sedan;,Volkswagen;other;,Year,3.951730304028807e-21
Toyota;sedan;,Volkswagen;hatch;,Year,1.0682001603186144e-41
Toyota;sedan;,Mitsubishi;sedan;,Year,8.220105174553206e-54
Toyota;sedan;,Mitsubishi;van;,Year,8.1354179345083e-25
Toyota;sedan;,Mitsubishi;crossover;,Year,6.819213048172124e-61
Toyota;sedan;,Mitsubishi;vagon;,Year,0.004367865412804244
Toyota;sedan;,Mitsubishi;other;,Year,2.6145308324611933e-36
Toyota;sedan;,Mitsubishi;hatch;,Year,0.059570710454976014
Toyota;van;,Toyota;crossover;,Year,3.20163324231192e-41
Toyota;van;,Toyota;vagon;,Year,0.0064192526507903065
Toyota;van;,Toyota;other;,Year,1.0043872227803357e-25
Toyota;van;,Toyota;hatch;,Year,5.704388147784798e-05
Toyota;van;,Renault;sedan;,Year,7.797385496930118e-08
Toyota;van;,Renault;van;,Year,7.838348234863385
Toyota;van;,Renault;crossover;,Year,8.671414483085116e-69
Toyota;van;,Renault;vagon;,Year,6.596974400383357
Toyota;van;,Renault;other;,Year,2.911120606557585
Toyota;van;,Renault;hatch;,Year,0.06633313255039282
Toyota;van;,Volkswagen;sedan;,Year,1.7601926578564947e-15
Toyota;van;,Volkswagen;van;,Year,6.590457360294264
Toyota;van;,Volkswagen;crossover;,Year,1.9326985484107757e-18
Toyota;van;,Volkswagen;vagon;,Year,6.793275895566888
Toyota;van;,Volkswagen;other;,Year,6.936932104064054
Toyota;van;,Volkswagen;hatch;,Year,1.4753275797852445
Toyota;van;,Mitsubishi;sedan;,Year,5.067457639971687
Toyota;van;,Mitsubishi;van;,Year,5.171686586036249
Toyota;van;,Mitsubishi;crossover;,Year,7.620735152712906e-08
Toyota;van;,Mitsubishi;vagon;,Year,0.026748321967492526
Toyota;van;,Mitsubishi;other;,Year,3.664890523580441e-26
Toyota;van;,Mitsubishi;hatch;,Year,7.941444153884284
Toyota;crossover;,Toyota;vagon;,Year,2.4976422916183824e-13
Toyota;crossover;,Toyota;other;,Year,9.185742526223613e-49
Toyota;crossover;,Toyota;hatch;,Year,2.53029854315471e-50
Toyota;crossover;,Renault;sedan;,Year,1.2584677436189506e-56
Toyota;crossover;,Renault;van;,Year,8.818634829623076e-23
Toyota;crossover;,Renault;crossover;,Year,1.171946881242507e-58
Toyota;crossover;,Renault;vagon;,Year,1.6164380705441856e-31
Toyota;crossover;,Renault;other;,Year,3.88330850324892e-22
Toyota;crossover;,Renault;hatch;,Year,2.4246378199900353e-41
Toyota;crossover;,Volkswagen;sedan;,Year,1.8891597423629272e-69
Toyota;crossover;,Volkswagen;van;,Year,8.511198546705188e-39
Toyota;crossover;,Volkswagen;crossover;,Year,9.690933737359632e-65
Toyota;crossover;,Volkswagen;vagon;,Year,5.581461768392407e-30
Toyota;crossover;,Volkswagen;other;,Year,3.1189188119740855e-24
Toyota;crossover;,Volkswagen;hatch;,Year,1.13075205423924e-27
Toyota;crossover;,Mitsubishi;sedan;,Year,1.2481418575916223e-06
Toyota;crossover;,Mitsubishi;van;,Year,0.2942721022992544
Toyota;crossover;,Mitsubishi;crossover;,Year,1.311101023640826e-35
Toyota;crossover;,Mitsubishi;vagon;,Year,5.613378311223292
Toyota;crossover;,Mitsubishi;other;,Year,2.6438963500129325e-59
Toyota;crossover;,Mitsubishi;hatch;,Year,7.968272836327688
Toyota;vagon;,Toyota;other;,Year,3.27360500900573e-21
Toyota;vagon;,Toyota;hatch;,Year,1.131218741657613e-19
Toyota;vagon;,Renault;sedan;,Year,5.868912761977632e-07
Toyota;vagon;,Renault;van;,Year,7.755139113932657e-16
Toyota;vagon;,Renault;crossover;,Year,9.569059279433668e-05
Toyota;vagon;,Renault;vagon;,Year,4.725870735165814e-10
Toyota;vagon;,Renault;other;,Year,7.751958111820984e-09
Toyota;vagon;,Renault;hatch;,Year,4.5996689757127894e-20
Toyota;vagon;,Volkswagen;sedan;,Year,7.767308829025473e-10
Toyota;vagon;,Volkswagen;van;,Year,1.0019608776030187e-14
Toyota;vagon;,Volkswagen;crossover;,Year,5.5455105171926115e-06
Toyota;vagon;,Volkswagen;vagon;,Year,4.378787755943875e-08
Toyota;vagon;,Volkswagen;other;,Year,0.9189719423868431
Toyota;vagon;,Volkswagen;hatch;,Year,0.0028793059576741973
Toyota;vagon;,Mitsubishi;sedan;,Year,2.5163729922954362e-06
Toyota;vagon;,Mitsubishi;van;,Year,0.5607172029706369
Toyota;vagon;,Mitsubishi;crossover;,Year,5.009203392578711e-12
Toyota;vagon;,Mitsubishi;vagon;,Year,2.2549624298227218
Toyota;vagon;,Mitsubishi;other;,Year,3.164313410699277e-08
Toyota;vagon;,Mitsubishi;hatch;,Year,8.261305978139732e-05
Toyota;other;,Toyota;hatch;,Year,2.0639594088714465e-55
Toyota;other;,Renault;sedan;,Year,4.9375686032517875e-21
Toyota;other;,Renault;van;,Year,4.941257148570564e-10
Toyota;other;,Renault;crossover;,Year,1.3622491125348404e-31
Toyota;other;,Renault;vagon;,Year,1.6584202014957899e-09
Toyota;other;,Renault;other;,Year,1.252414043062486e-18
Toyota;other;,Renault;hatch;,Year,2.1482486079760026e-15
Toyota;other;,Volkswagen;sedan;,Year,1.1719118481983527e-35
Toyota;other;,Volkswagen;van;,Year,5.543632550448855e-38
Toyota;other;,Volkswagen;crossover;,Year,7.211988546653237e-21
Toyota;other;,Volkswagen;vagon;,Year,1.3232330206673004e-17
Toyota;other;,Volkswagen;other;,Year,0.003655446316327873
Toyota;other;,Volkswagen;hatch;,Year,4.6966304055489315e-17
Toyota;other;,Mitsubishi;sedan;,Year,6.972598346643898e-10
Toyota;other;,Mitsubishi;van;,Year,0.010678812959037512
Toyota;other;,Mitsubishi;crossover;,Year,3.48159125362113e-28
Toyota;other;,Mitsubishi;vagon;,Year,2.7338005046164513
Toyota;other;,Mitsubishi;other;,Year,2.934978260621261e-51
Toyota;other;,Mitsubishi;hatch;,Year,6.917397167552567
Toyota;hatch;,Renault;sedan;,Year,3.6716856739322236e-45
Toyota;hatch;,Renault;van;,Year,5.87877691818095e-46
Toyota;hatch;,Renault;crossover;,Year,4.950555321666833e-14
Toyota;hatch;,Renault;vagon;,Year,8.011705559517417e-37
Toyota;hatch;,Renault;other;,Year,4.296647310061125e-53
Toyota;hatch;,Renault;hatch;,Year,1.5244406796060254e-45
Toyota;hatch;,Volkswagen;sedan;,Year,6.927154911564834e-56
Toyota;hatch;,Volkswagen;van;,Year,2.978489161334521e-60
Toyota;hatch;,Volkswagen;crossover;,Year,9.230384877498162e-33
Toyota;hatch;,Volkswagen;vagon;,Year,5.2232479059900165e-31
Toyota;hatch;,Volkswagen;other;,Year,1.167176852662672e-28
Toyota;hatch;,Volkswagen;hatch;,Year,2.186891118846717e-49
Toyota;hatch;,Mitsubishi;sedan;,Year,2.281167497654043e-17
Toyota;hatch;,Mitsubishi;van;,Year,8.116972737935096e-06
Toyota;hatch;,Mitsubishi;crossover;,Year,1.9536908322041603e-37
Toyota;hatch;,Mitsubishi;vagon;,Year,2.6475366526988364
Toyota;hatch;,Mitsubishi;other;,Year,4.8201977270753714e-42
Toyota;hatch;,Mitsubishi;hatch;,Year,2.9600638033862268
Renault;sedan;,Renault;van;,Year,2.43974847917391e-51
Renault;sedan;,Renault;crossover;,Year,2.153318064691576e-17
Renault;sedan;,Renault;vagon;,Year,4.653463094848354e-59
Renault;sedan;,Renault;other;,Year,3.744626210456065e-43
Renault;sedan;,Renault;hatch;,Year,5.316465599800013e-63
Renault;sedan;,Volkswagen;sedan;,Year,1.8286858113575605e-70
Renault;sedan;,Volkswagen;van;,Year,4.366329866937545e-53
Renault;sedan;,Volkswagen;crossover;,Year,2.616881484793701e-57
Renault;sedan;,Volkswagen;vagon;,Year,1.7925299297068403e-42
Renault;sedan;,Volkswagen;other;,Year,4.102889022509185e-62
Renault;sedan;,Volkswagen;hatch;,Year,2.2089138877957876e-46
Renault;sedan;,Mitsubishi;sedan;,Year,4.829131388011692e-16
Renault;sedan;,Mitsubishi;van;,Year,0.4934723251556792
Renault;sedan;,Mitsubishi;crossover;,Year,1.844298136963771e-32
Renault;sedan;,Mitsubishi;vagon;,Year,7.589258759224404e-05
Renault;sedan;,Mitsubishi;other;,Year,1.3073271272609802e-39
Renault;sedan;,Mitsubishi;hatch;,Year,4.990052109529188
Renault;van;,Renault;crossover;,Year,0.12027131664097059
Renault;van;,Renault;vagon;,Year,4.261794636054587e-61
Renault;van;,Renault;other;,Year,3.5992677013070846e-63
Renault;van;,Renault;hatch;,Year,7.410408313868531e-59
Renault;van;,Volkswagen;sedan;,Year,1.6241595179403925e-46
Renault;van;,Volkswagen;van;,Year,7.659835106016687e-44
Renault;van;,Volkswagen;crossover;,Year,7.548494409291813e-24
Renault;van;,Volkswagen;vagon;,Year,3.288892860285877e-21
Renault;van;,Volkswagen;other;,Year,5.51003552039488e-54
Renault;van;,Volkswagen;hatch;,Year,1.5800285479829957e-38
Renault;van;,Mitsubishi;sedan;,Year,1.6068723267137753e-14
Renault;van;,Mitsubishi;van;,Year,1.9789975222455103
Renault;van;,Mitsubishi;crossover;,Year,2.1567112548673933e-15
Renault;van;,Mitsubishi;vagon;,Year,0.00012070798223920651
Renault;van;,Mitsubishi;other;,Year,1.7741313296547866e-08
Renault;van;,Mitsubishi;hatch;,Year,0.005076398132537863
Renault;crossover;,Renault;vagon;,Year,1.1889515453096757e-08
Renault;crossover;,Renault;other;,Year,0.7506159060804285
Renault;crossover;,Renault;hatch;,Year,1.0606613909237438e-12
Renault;crossover;,Volkswagen;sedan;,Year,1.2059372739176566e-30
Renault;crossover;,Volkswagen;van;,Year,4.3940644837038117e-07
Renault;crossover;,Volkswagen;crossover;,Year,7.60369718233622e-26
Renault;crossover;,Volkswagen;vagon;,Year,3.996971767566048e-11
Renault;crossover;,Volkswagen;other;,Year,0.0016126314680995758
Renault;crossover;,Volkswagen;hatch;,Year,3.3635422695285766
Renault;crossover;,Mitsubishi;sedan;,Year,5.961798787345394
Renault;crossover;,Mitsubishi;van;,Year,7.9597830523739255
Renault;crossover;,Mitsubishi;crossover;,Year,6.043549512223397e-13
Renault;crossover;,Mitsubishi;vagon;,Year,7.7165495797643295
Renault;crossover;,Mitsubishi;other;,Year,1.823503349557319e-36
Renault;crossover;,Mitsubishi;hatch;,Year,7.540988868974893
Renault;vagon;,Renault;other;,Year,6.605416915678225e-57
Renault;vagon;,Renault;hatch;,Year,3.255056929278725e-70
Renault;vagon;,Volkswagen;sedan;,Year,8.766908057041904e-59
Renault;vagon;,Volkswagen;van;,Year,2.1761001920057427e-57
Renault;vagon;,Volkswagen;crossover;,Year,2.2303123038846997e-27
Renault;vagon;,Volkswagen;vagon;,Year,7.710859325441035e-59
Renault;vagon;,Volkswagen;other;,Year,1.4894005808271297e-66
Renault;vagon;,Volkswagen;hatch;,Year,2.0680212120214887e-29
Renault;vagon;,Mitsubishi;sedan;,Year,6.048746014546255e-10
Renault;vagon;,Mitsubishi;van;,Year,0.8283870296804463
Renault;vagon;,Mitsubishi;crossover;,Year,1.0364979705050079e-21
Renault;vagon;,Mitsubishi;vagon;,Year,2.436800202383029
Renault;vagon;,Mitsubishi;other;,Year,1.2158905144729246e-17
Renault;vagon;,Mitsubishi;hatch;,Year,0.2205256087963764
Renault;other;,Renault;hatch;,Year,2.3674182039447805e-47
Renault;other;,Volkswagen;sedan;,Year,5.649518980094707e-47
Renault;other;,Volkswagen;van;,Year,1.8292871542764778e-53
Renault;other;,Volkswagen;crossover;,Year,1.407400731077742e-22
Renault;other;,Volkswagen;vagon;,Year,4.459739726656656e-29
Renault;other;,Volkswagen;other;,Year,7.303308260348795e-37
Renault;other;,Volkswagen;hatch;,Year,9.231278358107903e-39
Renault;other;,Mitsubishi;sedan;,Year,1.3013810658537843e-05
Renault;other;,Mitsubishi;van;,Year,0.001799061454716123
Renault;other;,Mitsubishi;crossover;,Year,2.7812317780496287e-19
Renault;other;,Mitsubishi;vagon;,Year,7.532946531721595
Renault;other;,Mitsubishi;other;,Year,1.6642585786770404e-13
Renault;other;,Mitsubishi;hatch;,Year,7.762665751980773
Renault;hatch;,Volkswagen;sedan;,Year,6.537453428928631e-65
Renault;hatch;,Volkswagen;van;,Year,6.452598294655001e-56
Renault;hatch;,Volkswagen;crossover;,Year,9.643500914471234e-31
Renault;hatch;,Volkswagen;vagon;,Year,3.3028590321879655e-54
Renault;hatch;,Volkswagen;other;,Year,5.556093557840467e-62
Renault;hatch;,Volkswagen;hatch;,Year,1.271965061776759e-36
Renault;hatch;,Mitsubishi;sedan;,Year,0.0014433021683170648
Renault;hatch;,Mitsubishi;van;,Year,5.326020273493556
Renault;hatch;,Mitsubishi;crossover;,Year,1.1446471771384834e-13
Renault;hatch;,Mitsubishi;vagon;,Year,2.172869463174021
Renault;hatch;,Mitsubishi;other;,Year,7.094682169193774e-20
Renault;hatch;,Mitsubishi;hatch;,Year,3.381062558580219
Volkswagen;sedan;,Volkswagen;van;,Year,3.177846087544789e-57
Volkswagen;sedan;,Volkswagen;crossover;,Year,2.2447688358926627e-58
Volkswagen;sedan;,Volkswagen;vagon;,Year,8.285608001250615e-46
Volkswagen;sedan;,Volkswagen;other;,Year,2.01832486362901e-51
Volkswagen;sedan;,Volkswagen;hatch;,Year,1.6397447826587227e-42
Volkswagen;sedan;,Mitsubishi;sedan;,Year,6.6473560028546126e-06
Volkswagen;sedan;,Mitsubishi;van;,Year,7.8490953515385
Volkswagen;sedan;,Mitsubishi;crossover;,Year,1.8333376514673718e-25
Volkswagen;sedan;,Mitsubishi;vagon;,Year,1.2829331225798306
Volkswagen;sedan;,Mitsubishi;other;,Year,3.118145990996674e-43
Volkswagen;sedan;,Mitsubishi;hatch;,Year,4.275871589292976
Volkswagen;van;,Volkswagen;crossover;,Year,8.122566734558323e-31
Volkswagen;van;,Volkswagen;vagon;,Year,2.1783635376352227e-63
Volkswagen;van;,Volkswagen;other;,Year,9.998827608109103e-46
Volkswagen;van;,Volkswagen;hatch;,Year,8.116806435763188e-56
Volkswagen;van;,Mitsubishi;sedan;,Year,1.4327016088502403e-12
Volkswagen;van;,Mitsubishi;van;,Year,0.0005145340760641907
Volkswagen;van;,Mitsubishi;crossover;,Year,3.055087926854149e-27
Volkswagen;van;,Mitsubishi;vagon;,Year,2.525246404444348
Volkswagen;van;,Mitsubishi;other;,Year,1.1142703042160699e-32
Volkswagen;van;,Mitsubishi;hatch;,Year,0.5279354608225176
Volkswagen;crossover;,Volkswagen;vagon;,Year,1.6954711717051625e-17
Volkswagen;crossover;,Volkswagen;other;,Year,1.2388418646162232e-24
Volkswagen;crossover;,Volkswagen;hatch;,Year,3.852899757623155e-38
Volkswagen;crossover;,Mitsubishi;sedan;,Year,4.386581094273873e-06
Volkswagen;crossover;,Mitsubishi;van;,Year,0.07019959143070814
Volkswagen;crossover;,Mitsubishi;crossover;,Year,1.538324746964631e-31
Volkswagen;crossover;,Mitsubishi;vagon;,Year,7.2048718304081065
Volkswagen;crossover;,Mitsubishi;other;,Year,7.971443015315535e-36
Volkswagen;crossover;,Mitsubishi;hatch;,Year,1.6865375614608786
Volkswagen;vagon;,Volkswagen;other;,Year,1.7910478358193519e-44
Volkswagen;vagon;,Volkswagen;hatch;,Year,3.024164597868654e-25
Volkswagen;vagon;,Mitsubishi;sedan;,Year,1.1668857610633053e-05
Volkswagen;vagon;,Mitsubishi;van;,Year,0.002851542204807794
Volkswagen;vagon;,Mitsubishi;crossover;,Year,1.868244762180872e-21
Volkswagen;vagon;,Mitsubishi;vagon;,Year,2.6600406207563956
Volkswagen;vagon;,Mitsubishi;other;,Year,3.385056843729447e-32
Volkswagen;vagon;,Mitsubishi;hatch;,Year,7.806998987640504
Volkswagen;other;,Volkswagen;hatch;,Year,1.5030758002595255e-43
Volkswagen;other;,Mitsubishi;sedan;,Year,1.0191314683878117e-10
Volkswagen;other;,Mitsubishi;van;,Year,2.9846872476714146
Volkswagen;other;,Mitsubishi;crossover;,Year,1.6321282220746639e-09
Volkswagen;other;,Mitsubishi;vagon;,Year,1.5421676194420629e-06
Volkswagen;other;,Mitsubishi;other;,Year,1.406438361843343e-11
Volkswagen;other;,Mitsubishi;hatch;,Year,1.86230964303802
Volkswagen;hatch;,Mitsubishi;sedan;,Year,3.301172801194104e-09
Volkswagen;hatch;,Mitsubishi;van;,Year,1.3344899888950856
Volkswagen;hatch;,Mitsubishi;crossover;,Year,3.259010696545691e-13
Volkswagen;hatch;,Mitsubishi;vagon;,Year,1.2600463348894755
Volkswagen;hatch;,Mitsubishi;other;,Year,2.976361940862801e-17
Volkswagen;hatch;,Mitsubishi;hatch;,Year,7.5814992373715
Mitsubishi;sedan;,Mitsubishi;van;,Year,3.0989172798528563e-23
Mitsubishi;sedan;,Mitsubishi;crossover;,Year,1.1860092667355097e-51
Mitsubishi;sedan;,Mitsubishi;vagon;,Year,3.3988406789380837e-19
Mitsubishi;sedan;,Mitsubishi;other;,Year,9.25723078618247e-21
Mitsubishi;sedan;,Mitsubishi;hatch;,Year,4.222404575444785e-14
Mitsubishi;van;,Mitsubishi;crossover;,Year,2.3737098846498833e-43
Mitsubishi;van;,Mitsubishi;vagon;,Year,1.9803573842534188
Mitsubishi;van;,Mitsubishi;other;,Year,1.0904227418454071e-17
Mitsubishi;van;,Mitsubishi;hatch;,Year,0.0026579721309482446
Mitsubishi;crossover;,Mitsubishi;vagon;,Year,0.22631187708219497
Mitsubishi;crossover;,Mitsubishi;other;,Year,2.4162355682809363e-54
Mitsubishi;crossover;,Mitsubishi;hatch;,Year,0.00022559895880076782
Mitsubishi;vagon;,Mitsubishi;other;,Year,5.824326836822308
Mitsubishi;vagon;,Mitsubishi;hatch;,Year,2.7432778124810164e-30
Mitsubishi;other;,Mitsubishi;hatch;,Year,7.807925096356698
